Job ID,Job URL,Job Title,Company Name,Status,Timestamp,WP ID
77f04922fc4645a9,https://iq.linkedin.com/jobs/view/ran-20-7-billion-tokens-on-one-subscription-and-still-felt-behind-at-byte-sized-news-4436318398,Ran 20.7 billion tokens on one subscription and still felt behind,,scraped,2026-07-07T00:43:18.487972,
d328a52254e44b2c,https://iq.linkedin.com/jobs/view/driver-at-sardar-group-4437191698,Driver,,scraped,2026-07-07T00:44:28.062237,
c805fb6ba8a56aef,https://iq.linkedin.com/jobs/view/kitchen-steward-at-slemani-rotana-4433788948,Kitchen Steward,Slemani Rotana,posted,2026-07-07T00:44:45.458330,19
2daedac1d48fc56e,https://iq.linkedin.com/jobs/view/junior-pr-gr-at-sardar-group-4437194774,Junior PR & GR,,scraped,2026-07-07T00:44:48.041975,
aca89a40be5b6745,https://iq.linkedin.com/jobs/view/esh-specialist-lead-at-v2x-inc-4436280035,ESH Specialist Lead,V2X Inc,posted,2026-07-07T00:45:01.888902,21
f9031fa0cf3797d0,https://iq.linkedin.com/jobs/view/radiology-technician-iraq-at-international-sos-government-medical-services-4435850028,Radiology Technician (Iraq),,scraped,2026-07-07T00:45:04.438045,
a9873f013e7c5d69,https://iq.linkedin.com/jobs/view/tailor-at-erbil-rotana-4433931673,Tailor,,scraped,2026-07-07T00:45:10.981211,
f991b00be5718486,https://iq.linkedin.com/jobs/view/computer-systems-analyst-i-erbil-iraq-at-amentum-4432499646,"Computer Systems Analyst I - Erbil, Iraq",Amentum,posted,2026-07-07T00:45:24.687278,23
da796479c42f67b3,https://iq.linkedin.com/jobs/view/ptw-coordinator-at-iota-group-4437189687,PTW Coordinator,,scraped,2026-07-07T00:45:27.297337,
7d0dac22a75f670a,https://iq.linkedin.com/jobs/view/hr-specialist-baghdad-plant-at-coca-cola-cci-4433794634,"HR Specialist, Baghdad Plant",Coca-Cola İçecek,posted,2026-07-07T00:46:18.759632,25
a3b244ea8f542a41,https://iq.linkedin.com/jobs/view/business-development-manager-at-brand-aid-marketing-solutions-4433755290,Business Development Manager,,scraped,2026-07-07T00:46:21.386616,
48f413a855b97500,https://iq.linkedin.com/jobs/view/mobility-vn-programme-coordinator-durable-solutions-p-at-iom-un-migration-4435540051,Mobility VN: Programme Coordinator (Durable Solutions) (P),IOM - UN Migration,posted,2026-07-07T00:47:43.526537,27
ce6e739c295fe126,https://iq.linkedin.com/jobs/view/account-manager-at-brand-aid-marketing-solutions-4433737844,Account Manager,,scraped,2026-07-07T00:47:46.131912,
981ba3063a35dfff,https://iq.linkedin.com/jobs/view/btl-marketing-specialist-%E2%80%93-iraq-baghdad-4433152376,BTL Marketing Specialist – Iraq (Baghdad),Haier Electronics Middle East FZE,posted,2026-07-07T00:47:59.145901,29
68d090afce3417ed,https://iq.linkedin.com/jobs/view/procurement-manager-at-kinetic-business-solutions-4433937551,Procurement Manager,,scraped,2026-07-07T00:48:01.824496,
bba61c7af23a650c,https://iq.linkedin.com/jobs/view/head-housekeeping-supervisor-at-erbil-arjaan-4355960613,Head Housekeeping Supervisor,,scraped,2026-07-07T00:48:09.248485,
e98bef138c93bc13,https://iq.linkedin.com/jobs/view/human-resources-officer-at-gulftainer-4433181824,Human Resources Officer,,scraped,2026-07-07T00:48:15.573456,
c4b552056f0b70d5,https://iq.linkedin.com/jobs/view/dean-college-of-pharmacy-%E2%80%93-expat-at-american-university-of-iraq-baghdad-4269706048,"Dean, College of Pharmacy – Expat",الجامعة الأمريكية في بغداد AUIB,posted,2026-07-07T00:49:38.169386,31
04fca63ae7f20477,https://iq.linkedin.com/jobs/view/credit-card-inquiry-senior-associate-at-national-bank-of-iraq-4434628337,Credit Card Inquiry Senior Associate,National Bank of Iraq,posted,2026-07-07T00:49:51.251929,33
5900b48ffd1fa926,https://iq.linkedin.com/jobs/view/business-development-manager-iraq-at-traze-4398002961,Business Development Manager- Iraq,,scraped,2026-07-07T00:49:53.880815,
1d9098b6088e3669,https://iq.linkedin.com/jobs/view/ecommerce-manager-at-master-store-4431930581,Ecommerce Manager,,scraped,2026-07-07T00:50:00.801753,
f2dbc1bad87785fa,https://iq.linkedin.com/jobs/view/sales-representative-at-ziyut-al-adaa-4436212252,Sales Representative,,scraped,2026-07-07T00:50:06.798360,
831a744a4a343d08,https://iq.linkedin.com/jobs/view/tax-and-legal-services-graduate-programme-iraq-sept-2026-at-pwc-middle-east-4437486408,"Tax and Legal Services, Graduate Programme - Iraq (Sept 2026)",PwC Middle East,posted,2026-07-07T00:50:22.090367,35
dc683404d56a5fe6,https://iq.linkedin.com/jobs/view/field-service-engineer-at-atlas-copco-4367387881,Field Service Engineer,,scraped,2026-07-07T00:50:24.419933,
4307a1038410d516,https://iq.linkedin.com/jobs/view/operations-supervisor-at-iraq-mall-4433792313,Operations Supervisor,Iraq Mall,posted,2026-07-07T00:50:38.108432,37
fd1329af724b512e,https://iq.linkedin.com/jobs/view/machinery-truck-sales-specialist-erbil-iraq-at-sany-iraq-4432725100,"Machinery & Truck Sales Specialist - Erbil, Iraq",,scraped,2026-07-07T00:50:40.727757,
8a02818f0028d7e7,https://iq.linkedin.com/jobs/view/chief-commercial-officer-at-iraqi-jobs-4436039240,Chief Commercial Officer,iraqi-jobs,posted,2026-07-07T00:51:57.916146,39
2842974d4ee710d2,https://iq.linkedin.com/jobs/view/iraq-account-manager-at-sungrow-mena-central-asia-4437154030,Iraq Account Manager,,scraped,2026-07-07T00:52:00.574394,
a063dba090467c7b,https://iq.linkedin.com/jobs/view/general-manager-at-future-fingerprint-4433936743,General Manager,Future Fingerprint,posted,2026-07-07T00:53:18.501560,41
26409888cb29c20b,https://iq.linkedin.com/jobs/view/information-security-and-cybersecurity-manager-4431903775,Information Security and Cybersecurity Manager,Commercial Islamic Bank of Iraq,posted,2026-07-07T00:53:26.179647,43
fb75e64d1c7849d8,https://iq.linkedin.com/jobs/view/eoi-mobility-supply-chain-officer-p-at-iom-un-migration-4435536122,EOI Mobility: Supply Chain Officer (P),IOM - UN Migration,posted,2026-07-07T00:53:38.742777,45
fd9c3ce1f2e22d95,https://iq.linkedin.com/jobs/view/%D9%85%D9%87%D9%86%D8%AF%D8%B3%D8%A9-%D9%85%D8%B9%D9%85%D8%A7%D8%B1%D9%8A%D8%A9-at-ozone-company-4332409671,مهندسة معمارية,Ozone Company,posted,2026-07-07T00:53:56.523855,47
5370930165923a37,https://iq.linkedin.com/jobs/view/team-lead-rider-on-ground-ops-at-talabat-4436090278,Team Lead Rider On Ground Ops,,scraped,2026-07-07T00:53:59.221388,
13b48f6ab966e620,https://iq.linkedin.com/jobs/view/landscape-engineer-at-belo-global-services-4433907769,Landscape Engineer,Belo Global Services,posted,2026-07-07T00:54:12.126333,49
7ef08fc23f84fcca,https://iq.linkedin.com/jobs/view/senior-ff-at-second-step-for-outsourcing-and-business-services-4437146441,Senior FF,,scraped,2026-07-07T00:54:14.805873,
3f07697487bb233a,https://iq.linkedin.com/jobs/view/tmart-operations-engineer-assistant-at-talabat-4432348306,tMart Operations Engineer Assistant,,scraped,2026-07-07T00:54:22.772433,
478a7151ca7cd5a4,https://iq.linkedin.com/jobs/view/arabic-tutor-ai-trainer-at-dataannotation-4344833579,Arabic Tutor - AI Trainer,DataAnnotation,posted,2026-07-07T00:55:39.756231,51
c7c49acc1d0cedeb,https://iq.linkedin.com/jobs/view/tar-supervisor-e-i-at-wood-4436308307,TAR Supervisor E&I,Wood,posted,2026-07-07T00:55:53.854514,53
843cf409364f2e87,https://iq.linkedin.com/jobs/view/electrical-technician-at-wood-4436300574,Electrical Technician,Wood,posted,2026-07-07T00:56:07.382569,55
68c00658b256c7ca,https://iq.linkedin.com/jobs/view/graphic-designer-social-media-specialist-4433794215,Graphic Designer & Social Media Specialist,Iraq Auto,posted,2026-07-07T00:56:15.769004,57
328d241d473c595c,https://iq.linkedin.com/jobs/view/temenos-t24-developer-at-zaincash-4436343866,Temenos T24 Developer,ZainCash,posted,2026-07-07T00:56:28.249814,59
d6fd2f0d0215e95c,https://iq.linkedin.com/jobs/view/general-manager-sol-qiddiya-preopening-at-meli%C3%A1-hotels-international-4427140532,GENERAL MANAGER SOL QIDDIYA (PREOPENING),Meliá Hotels International,posted,2026-07-07T00:57:48.001075,61
46221522943c6cef,https://iq.linkedin.com/jobs/view/mobility-vn-programme-officer-cash-based-interventions-cbi-p-at-iom-un-migration-4435524807,Mobility VN: Programme Officer (Cash Based Interventions (CBI)) (P),IOM - UN Migration,posted,2026-07-07T00:59:06.314285,63
a6b2a3b0b44554c7,https://iq.linkedin.com/jobs/view/vice-president-for-advancement-and-external-relations-at-american-university-of-iraq-baghdad-4426104383,Vice President for Advancement and External Relations,الجامعة الأمريكية في بغداد AUIB,posted,2026-07-07T00:59:17.539715,65
92373073dcf7d8ab,https://iq.linkedin.com/jobs/view/mobility-vn-programme-officer-technical-cooperation-p-at-iom-un-migration-4435526721,Mobility VN: Programme Officer (Technical Cooperation) (P),IOM - UN Migration,posted,2026-07-07T00:59:30.397359,67
85ce9a3fa3fe2341,https://iq.linkedin.com/jobs/view/carhartt-wip-store-amsterdam-hartenstraat-sales-assistant-24-hrs-fixed-term-m-f-x-at-carhartt-wip-work-in-progress-4433797240,Carhartt WIP Store Amsterdam Hartenstraat - Sales Assistant 24 hrs fixed term (m/f/x),,scraped,2026-07-07T12:17:46.562528,
b9c1dd59132c1c50,https://iq.linkedin.com/jobs/view/carhartt-wip-store-amsterdam-hartenstraat-sales-assistant-14-hrs-fixed-term-m-f-x-at-carhartt-wip-work-in-progress-4433779989,Carhartt WIP Store Amsterdam Hartenstraat - Sales Assistant 14 hrs fixed term (m/f/x),,scraped,2026-07-07T12:17:54.389415,
88cc9c9418f38ebd,https://iq.linkedin.com/jobs/view/fresh-graduates-at-arab-bank-iraq-4433930648,Fresh Graduates,Arab Bank Iraq,posted,2026-07-07T12:18:11.990594,69
8f28f1a8c7f37102,https://iq.linkedin.com/jobs/view/e-commerce-executive-at-erbil-rotana-4353786563,E-Commerce Executive,,scraped,2026-07-07T12:18:16.719383,
e4535c70cd2d93de,https://iq.linkedin.com/jobs/view/health-safety-and-environment-hse-officer-at-al-alamyah-pharma-4432769226,"Health, Safety, and Environment (HSE) Officer",,scraped,2026-07-07T12:18:23.783825,
1b06d356decc83c0,https://iq.linkedin.com/jobs/view/dean-of-saad-business-school-at-american-university-of-iraq-sulaimani-4437720716,Dean of Saad Business School,"American University of Iraq, Sulaimani",posted,2026-07-07T12:18:38.356185,71
712c314816a8e1ab,https://iq.linkedin.com/jobs/view/waiter-waitress-at-erbil-rotana-4425733944,Waiter / Waitress,,scraped,2026-07-07T12:18:41.019308,
5117523ab9029318,https://iq.linkedin.com/jobs/view/junior-date-analyst-at-baly-4433798134,Junior Date Analyst,,scraped,2026-07-07T12:18:47.997579,
24c915ec88339a0d,https://iq.linkedin.com/jobs/view/information-and-support-center-agent-at-american-university-of-iraq-baghdad-4306309244,Information and Support Center Agent,الجامعة الأمريكية في بغداد AUIB,posted,2026-07-07T12:19:04.507729,73
24cc4e0765b1c97b,https://iq.linkedin.com/jobs/view/commis-ii-at-erbil-rotana-4433933638,Commis II,,scraped,2026-07-07T12:19:07.185721,
23cb626a5cd762cd,https://iq.linkedin.com/jobs/view/product-manager-at-kinetic-business-solutions-4434521532,Product Manager,,scraped,2026-07-07T12:19:13.946454,
0f6e657e56d5d837,https://iq.linkedin.com/jobs/view/country-representative-for-iraq-at-people-in-need-4433747157,Country Representative for Iraq,,scraped,2026-07-07T12:19:23.192004,
a9af01e70f0f738a,https://iq.linkedin.com/jobs/view/product-qa-officer-at-zaincash-4436340957,Product QA Officer,ZainCash,posted,2026-07-07T12:19:49.184358,75
443c2462db65c39c,https://iq.linkedin.com/jobs/view/sales-logistics-specialist-at-world-of-challenges-4434529711,Sales Logistics Specialist,,scraped,2026-07-07T12:19:51.779954,
ca8b2dbeb61af60b,https://iq.linkedin.com/jobs/view/lead-account-executive-at-iq-group-4434521811,Lead Account Executive,,scraped,2026-07-07T12:20:02.411056,
50221dde6a91582c,https://iq.linkedin.com/jobs/view/zain2398-direct-sales-customer-service-representative-salah-aldeen-at-zain-iraq-4436987517,ZAIN2398 - Direct Sales Customer Service Representative-Salah Aldeen,,scraped,2026-07-07T12:20:13.692804,
b3abead28e406832,https://iq.linkedin.com/jobs/view/content-writer-at-augustus-media-4437171179,Content Writer,,scraped,2026-07-07T12:20:27.668876,
7ed1a6d098b58d09,https://iq.linkedin.com/jobs/view/finance-manager-iraq-at-holdal-group-4434532006,Finance Manager - Iraq,,scraped,2026-07-07T12:20:40.359603,
7df989990f6309c3,https://iq.linkedin.com/jobs/view/private-sector-engagement-specialist-national-position-at-avsi-mo%C3%A7ambique-4435302262,Private Sector Engagement Specialist (National Position),,scraped,2026-07-07T12:21:05.099849,
81ec035bd87e16c5,https://iq.linkedin.com/jobs/view/network-engineer-at-wood-4436301519,Network Engineer,Wood,posted,2026-07-07T12:21:27.608423,77
619f7d29f13e03d5,https://iq.linkedin.com/jobs/view/open-rank-faculty-anesthesia-fall-spring-2026-27-at-american-university-of-iraq-baghdad-4258717324,Open Rank Faculty Anesthesia Fall/Spring 2026-27,الجامعة الأمريكية في بغداد AUIB,posted,2026-07-07T12:21:45.032102,79
14ccbaba6da126e8,https://iq.linkedin.com/jobs/view/process-re-engineering-specialist-at-national-bank-of-iraq-4435216674,Process Re-Engineering Specialist,National Bank of Iraq,posted,2026-07-07T12:21:58.588047,81
31319671385c610a,https://iq.linkedin.com/jobs/view/credit-review-senior-associate-at-national-bank-of-iraq-4436027944,Credit Review Senior Associate,National Bank of Iraq,posted,2026-07-07T12:22:12.205420,83
57d5fa9f8f61c4c2,https://iq.linkedin.com/jobs/view/engineering-coordinator-at-erbil-arjaan-4357152579,Engineering Coordinator,,scraped,2026-07-07T12:22:14.913833,
a5d4018e9fdf63ea,https://iq.linkedin.com/jobs/view/admin-tmart-at-talabat-4436079623,Admin tMart,,scraped,2026-07-07T12:22:21.501982,
864ed3773e4d7d33,https://iq.linkedin.com/jobs/view/engineering-manager-at-erbil-arjaan-4434527416,Engineering Manager,,scraped,2026-07-07T12:22:28.427552,
e486ff68dc769cf3,https://iq.linkedin.com/jobs/view/carpenter-at-erbil-arjaan-4357182548,Carpenter,,scraped,2026-07-07T12:22:35.323983,
775cbb42d4d6a12c,https://iq.linkedin.com/jobs/view/bilingual-copyeditor-ai-trainer-at-dataannotation-4345030618,Bilingual Copyeditor - AI Trainer,DataAnnotation,posted,2026-07-07T12:22:49.242813,85
344fc88acd5c8bc5,https://iq.linkedin.com/jobs/view/firearm-instructor-at-diri-al-nassir-security-services-and-private-guards-4434535070,Firearm Instructor,,scraped,2026-07-07T12:22:53.898289,
2bacab51b4ce712b,https://iq.linkedin.com/jobs/view/sales-representative-at-%D8%B4%D8%B1%D9%83%D8%A9-%D9%86%D8%B3%D9%8A%D9%85-%D8%A7%D9%84%D8%BA%D8%B1%D8%A8%D9%8A%D8%A9-western-breeze-4436997377,Sales Representative,,scraped,2026-07-07T12:23:00.130057,
f5ab0ce4bc6cddef,https://iq.linkedin.com/jobs/view/control-systems-engineer-at-wood-4436303476,Control Systems Engineer,Wood,posted,2026-07-07T12:23:23.165852,87
8aaead33597aeab4,https://iq.linkedin.com/jobs/view/solution-engineer-at-iq-group-4433946916,Solution Engineer,,scraped,2026-07-07T12:23:25.849147,
38ebacefcf0ff743,https://iq.linkedin.com/jobs/view/zain2360-head-of-b2b-mobile-and-mbb-unit-at-zain-iraq-4422412696,ZAIN2360 - Head of B2B Mobile and MBB Unit,,scraped,2026-07-07T12:23:34.702287,
879d9ff64e66a41b,https://iq.linkedin.com/jobs/view/kurdish-language-expert-remote-at-yo-it-consulting-4435703986,Kurdish Language Expert - Remote,,scraped,2026-07-07T12:23:48.141629,
1d8b4141a656d6ad,https://iq.linkedin.com/jobs/view/sales-expansion-officer-food-at-baly-4434520713,Sales Expansion Officer (Food),,scraped,2026-07-07T20:33:14.450140,
83fefda0a519aa55,https://iq.linkedin.com/jobs/view/microsoft-systems-administrator-at-national-bank-of-iraq-4436541035,Microsoft Systems Administrator,National Bank of Iraq,posted,2026-07-07T20:33:35.107961,89
091a63a8f9dd0940,https://iq.linkedin.com/jobs/view/biomedical-engineer-at-albayan-healthcare-solutions-co-4437137671,Biomedical Engineer,,scraped,2026-07-07T20:33:37.786214,
e10285b9b475e534,https://iq.linkedin.com/jobs/view/site-engineer-control-systems-at-mercury-nz-4434503272,Site Engineer - Control Systems,,scraped,2026-07-07T20:33:44.591862,
8f45a6886b35799d,https://iq.linkedin.com/jobs/view/lecturer-faculty-member-at-cmc-institute-4430629719,Lecturer / Faculty Member,CMC Institute,posted,2026-07-07T20:34:01.898931,91
091c69fd722ae60a,https://iq.linkedin.com/jobs/view/teaching-assistant-college-of-arts-sciences-at-american-university-of-iraq-baghdad-4436037198,Teaching Assistant - College of Arts & Sciences,الجامعة الأمريكية في بغداد AUIB,posted,2026-07-07T20:34:14.916900,93
ba7688a13bb0a026,https://iq.linkedin.com/jobs/view/nutanix-engineer-networking-it-support-engineer-at-itproposal-4436740621,Nutanix Engineer/ Networking IT Support Engineer,,scraped,2026-07-07T20:34:17.343533,
0ea5fe34cba426d2,https://iq.linkedin.com/jobs/view/digital-marketing-manager-at-%D9%88%D8%B3%D9%8A%D8%B7-%D8%A7%D9%84%D8%A7%D9%81%D9%82-waseetalaufuq-4433941328,Digital Marketing Manager,,scraped,2026-07-07T20:34:25.942267,
4267516a2728cb32,https://iq.linkedin.com/jobs/view/financial-analyst-at-confidential-careers-4437197639,Financial Analyst,,scraped,2026-07-07T20:34:37.068978,
366a98cf35390c1e,https://iq.linkedin.com/jobs/view/english-language-instructor-at-american-university-of-iraq-baghdad-4406958593,English Language Instructor,الجامعة الأمريكية في بغداد AUIB,posted,2026-07-07T20:34:52.595105,95
cc5614477c0dbe14,https://iq.linkedin.com/jobs/view/software-engineer-at-zagros%C3%AE-4437166788,Software Engineer,,scraped,2026-07-07T20:35:00.978944,
e62fbfa55e29136a,https://iq.linkedin.com/jobs/view/coordinator-rider-engagement-at-talabat-4436085323,Coordinator Rider Engagement,,scraped,2026-07-07T20:35:11.556932,
ed25d82bde6b9a60,https://iq.linkedin.com/jobs/view/zain2222-indirect-sales-account-executive-basra-at-zain-iraq-4384832943,ZAIN2222 - Indirect Sales Account Executive-Basra,Zain Iraq,posted,2026-07-07T20:35:45.323803,97
afcec58ee964379d,https://iq.linkedin.com/jobs/view/video-editor-at-60frame-agency-4434545273,Video Editor,60Frame Agency,posted,2026-07-07T20:35:56.720444,99
3a30d27c07454109,https://iq.linkedin.com/jobs/view/gpp-facility-operator-on-site-at-anton-4432325467,GPP Facility Operator (On-site),Anton,posted,2026-07-07T20:36:13.811093,101
e0d9a6c9602e797b,https://iq.linkedin.com/jobs/view/zain2374-b2b-account-executive-erbil-at-zain-iraq-4428817135,ZAIN2374 - B2B Account Executive-Erbil,Zain Iraq,posted,2026-07-07T20:36:33.186910,103
b87a50a7d266d502,https://iq.linkedin.com/jobs/view/air-navigation-services-director-at-carecone-group-4428691608,Air Navigation Services Director,,scraped,2026-07-07T20:36:35.772299,
2583d960eff3452e,https://iq.linkedin.com/jobs/view/mindshare-senior-media-manager-baghdad-at-wpp-media-4430635011,Mindshare: Senior Media Manager- Baghdad,WPP Media,posted,2026-07-07T20:36:54.554323,105
1c25ae5f50abc59e,https://iq.linkedin.com/jobs/view/sales-executive-at-b-tech-company-for-automation-digital-transformation-general-contracting-and-trading-llc-4414844952,Sales Executive,,scraped,2026-07-07T20:36:57.212534,
f3610b3edc7223d3,https://iq.linkedin.com/jobs/view/safety-systems-engineer-at-wood-4436194967,Safety Systems Engineer,Wood,posted,2026-07-07T20:37:27.809000,107
892e16bd2cab252a,https://iq.linkedin.com/jobs/view/generators-sales-specialist-at-sany-iraq-4431042586,Generators Sales Specialist,,scraped,2026-07-07T20:37:30.366230,
86db308e8cc32303,https://iq.linkedin.com/jobs/view/senior-electrical-systems-engineer-at-wood-4436313163,Senior Electrical Systems Engineer,Wood,posted,2026-07-07T20:37:52.302600,109
48d82de40453b128,https://iq.linkedin.com/jobs/view/arabic-iraqi-kurdish-linguist-cat-i-local-national-at-valiant-integrated-services-4437465360,Arabic Iraqi/Kurdish Linguist CAT I- Local National,Valiant Integrated Services,posted,2026-07-07T20:38:03.324053,111
f1c6cebec96cab17,https://iq.linkedin.com/jobs/view/senior-network-engineer-at-wood-4436197615,Senior Network Engineer,Wood,posted,2026-07-07T20:38:21.092523,113
59c556b53bef785c,https://iq.linkedin.com/jobs/view/adjunct-faculty-of-conflict-of-laws-at-american-university-of-iraq-baghdad-4427435143,Adjunct Faculty of Conflict of Laws,الجامعة الأمريكية في بغداد AUIB,posted,2026-07-07T20:38:39.756735,115
70d89d35e4f25a82,https://iq.linkedin.com/jobs/view/teppanyaki-chef-at-yuzu-japanese-more-4432738202,Teppanyaki Chef,Yuzu Japanese & More,posted,2026-07-07T20:38:51.820617,117
0253fb783c30bc22,https://iq.linkedin.com/jobs/view/sales-supervisor-at-tamkeen-4433780721,Sales Supervisor,التمكين الذكي,posted,2026-07-08T07:19:04.380289,129
22c80cfca32ef22a,https://iq.linkedin.com/jobs/view/channel-sales-manager-at-longi-solar-4428425902,Channel Sales Manager,,scraped,2026-07-08T07:19:09.059969,
759dc1785ee80b21,https://iq.linkedin.com/jobs/view/sales-manager-at-abwaab-4436864311,Sales Manager,أبواب,posted,2026-07-08T07:19:29.375714,131
7c4257fb68f00701,https://iq.linkedin.com/jobs/view/chief-financial-officer-cfo-at-confidential-4433316525,Chief Financial Officer (CFO),Confidential,posted,2026-07-08T07:19:39.541137,133
990fab151ebd127a,https://iq.linkedin.com/jobs/view/sales-operations-follow-up-officer-at-abwaab-4436870158,Sales Operations & Follow-Up Officer,أبواب,posted,2026-07-08T07:19:59.870487,135
4621cba7a5cbe1ff,https://iq.linkedin.com/jobs/view/housekeeping-attendant-at-erbil-rotana-4434562603,Housekeeping Attendant,,scraped,2026-07-08T07:20:04.426869,
9952789fec71d9f9,https://iq.linkedin.com/jobs/view/senior-cost-accountant-at-confidential-4427171767,Senior Cost Accountant,Confidential,posted,2026-07-08T07:20:27.599199,137
603372095229927a,https://iq.linkedin.com/jobs/view/sales-agent-at-asia-air-4434822150,Sales Agent,Asia Air,posted,2026-07-08T07:20:45.012529,139
af352ff5c3cf8c07,https://iq.linkedin.com/jobs/view/end-user-support-engineer-at-onyxes-technologies-4437193339,End User Support Engineer,,scraped,2026-07-08T07:20:51.661863,
e1a611a9863d48ac,https://iq.linkedin.com/jobs/view/call-for-experts-technical-assistance-facility-for-iraq-taffi-2-0-and-iraq-catalytic-economic-diversification-programme-iced-at-adam-smith-international-4252632351,Call for Experts - Technical Assistance Facility for Iraq (TAFFI 2.0) and Iraq Catalytic Economic Diversification Programme (ICED),,scraped,2026-07-08T07:20:58.829097,
3132106b4ed7c884,https://iq.linkedin.com/jobs/view/senior-video-editor-at-digital-vision-4434540327,Senior Video Editor,,scraped,2026-07-08T07:21:06.463393,
ae2a0706fb7c4979,https://iq.linkedin.com/jobs/view/senior-sales-specialist-at-zmc-express-cargo-4438157681,Senior Sales Specialist,,scraped,2026-07-08T07:21:14.843367,
e05fe81abd543d69,https://iq.linkedin.com/jobs/view/sales-engineer-%E2%80%93-hydraulic-and-instrumentation-tools-at-al-usool-general-trading-company-ltd-4434584304,Sales Engineer – : Hydraulic and Instrumentation Tools,,scraped,2026-07-08T07:21:25.496116,
1e6c80ad5271943b,https://iq.linkedin.com/jobs/view/sales-and-marketing-specialist-4433772930,Sales And Marketing Specialist,Al-Marabia Company,posted,2026-07-08T07:22:08.595623,141
02fe8f0f789a45c0,https://iq.linkedin.com/jobs/view/digital-marketing-manager-at-american-university-of-iraq-baghdad-4429237613,Digital Marketing Manager,الجامعة الأمريكية في بغداد AUIB,posted,2026-07-08T07:23:07.391301,143
fba2b9f3ef7512d5,https://iq.linkedin.com/jobs/view/programme-design-support-and-inception-phase-consultant-inspire-at-iom-un-migration-4436737620,Programme Design Support and Inception Phase Consultant (INSPIRE ),IOM - UN Migration,posted,2026-07-08T07:23:51.047830,145
e760ae5fbf5b90cb,https://iq.linkedin.com/jobs/view/visiting-associate-professor-of-electrical-engineering-at-american-university-of-iraq-baghdad-4415670451,Visiting Associate Professor of Electrical Engineering,الجامعة الأمريكية في بغداد AUIB,posted,2026-07-08T07:24:13.365647,147
d763a6aa526f3862,https://iq.linkedin.com/jobs/view/ndt-specialist-at-bureau-veritas-4437037132,NDT Specialist,,scraped,2026-07-08T13:20:11.804877,
36046b4f8222821d,https://iq.linkedin.com/jobs/view/surveyor-4434550788,Surveyor,HAKIMI KRAFT,posted,2026-07-08T13:20:31.627374,149
344b7e3b7f619eda,https://iq.linkedin.com/jobs/view/mobility-vn-information-and-communications-technology-ict-officer-p-at-iom-un-migration-4435808462,Mobility VN: Information and Communications Technology (ICT) Officer (P),IOM - UN Migration,posted,2026-07-08T13:21:03.029083,151
256f7cd7f779a2da,https://iq.linkedin.com/jobs/view/doctor-of-pharmacy-4433792677,Doctor of Pharmacy,Ministry of health  basrah,posted,2026-07-08T13:21:19.459564,153
c60fe0c582c58034,https://iq.linkedin.com/jobs/view/senior-accountant-at-al-watania-%D8%A7%D9%84%D9%88%D8%B7%D9%86%D9%8A%D8%A9-4434844962,Senior Accountant,,scraped,2026-07-08T13:21:28.220696,
60d326c7ded615d3,https://iq.linkedin.com/jobs/view/jr-it-engineer-at-profix-company-4434844749,"Jr,IT Engineer",Profix company,posted,2026-07-08T13:21:46.237979,155
28022715485e58f4,https://iq.linkedin.com/jobs/view/comms-technical-assistant-at-control-risks-4437762648,Comms Technical Assistant,,scraped,2026-07-08T13:21:50.830328,
324c690bc72599bb,https://iq.linkedin.com/jobs/view/lawyer-at-sardar-group-4437748403,Lawyer,,scraped,2026-07-08T13:21:58.359467,
dd635f2076c57cea,https://iq.linkedin.com/jobs/view/sales-distribution-specialist-at-%D9%88%D8%B3%D9%8A%D8%B7-%D8%A7%D9%84%D8%A7%D9%81%D9%82-waseetalaufuq-4434821797,Sales Distribution Specialist,,scraped,2026-07-08T13:22:13.704963,
518317578a844031,https://iq.linkedin.com/jobs/view/civil-engineer-at-yatay-group-4434845579,Civil Engineer,Yatay Group,posted,2026-07-08T13:22:32.691105,157
62ac8a2513f1cb67,https://iq.linkedin.com/jobs/view/mechanical-field-service-specialist-iraqi-nationals-only-at-siemens-energy-4437022849,Mechanical Field Service Specialist - Iraqi Nationals Only,Siemens Energy,posted,2026-07-08T13:22:44.228267,159
09490efff8c3c122,https://iq.linkedin.com/jobs/view/customer-care-officer-kurdish-speaker-at-zaincash-4436988345,Customer Care Officer (Kurdish Speaker),ZainCash,posted,2026-07-08T13:23:03.830659,161
735b7986868fee99,https://iq.linkedin.com/jobs/view/ey-law-corporate-commercial-lawyer-baghdad-iraq-at-ey-4397902485,"EY Law - Corporate & Commercial Lawyer - Baghdad, Iraq",EY,posted,2026-07-08T13:23:17.139794,163
4192951ed12e8c14,https://iq.linkedin.com/jobs/view/zain2403-government-relations-coordinator-at-zain-iraq-4437755513,ZAIN2403 - Government Relations Coordinator,Zain Iraq,posted,2026-07-08T18:58:16.038429,165
30bcd3d7fdf63beb,https://iq.linkedin.com/jobs/view/sales-support-alfanar-electric-at-alfanar-4437006870,Sales Support | alfanar Electric,,scraped,2026-07-08T18:58:30.795994,
6d556c41a8b850d2,https://iq.linkedin.com/jobs/view/contract-manager-at-cb-i-4438187830,Contract Manager,CB&amp;I,posted,2026-07-08T18:58:49.831230,167
627f1e2606134c42,https://iq.linkedin.com/jobs/view/materials-manager-at-v2x-inc-4432927116,Materials Manager,V2X Inc,posted,2026-07-08T18:59:07.961741,169
1a96a7389e9ef897,https://iq.linkedin.com/jobs/view/open-rank-faculty-in-international-relations-at-american-university-of-iraq-baghdad-4437058724,Open Rank Faculty in International Relations,الجامعة الأمريكية في بغداد AUIB,posted,2026-07-08T18:59:55.226239,171
cb81cde70838d3d5,https://iq.linkedin.com/jobs/view/open-rank-faculty-in-writing-and-composition-at-american-university-of-iraq-baghdad-4437058723,Open Rank Faculty in Writing and Composition,الجامعة الأمريكية في بغداد AUIB,posted,2026-07-08T19:00:11.347424,173
fa38d81b4b7d9640,https://iq.linkedin.com/jobs/view/associate-dean-for-academic-affairs-college-of-engineering-at-american-university-of-iraq-baghdad-4437053935,Associate Dean for Academic Affairs - College of Engineering,الجامعة الأمريكية في بغداد AUIB,posted,2026-07-08T19:00:29.419145,175
b64b1bcd16346c3b,https://iq.linkedin.com/jobs/view/head-chef-at-em-sherif-group-4434813953,Head Chef,,scraped,2026-07-08T19:00:40.027898,
1f4a01a0c2e50953,https://iq.linkedin.com/jobs/view/lead-process-automation-systems-engineer-at-wood-4436194968,Lead Process Automation Systems Engineer,Wood,posted,2026-07-08T19:01:06.869715,177
1cab52c4e8c76776,https://iq.linkedin.com/jobs/view/sous-chef-at-erbil-rotana-4434883006,Sous Chef,,scraped,2026-07-08T19:01:09.477356,
4f98a3d667ba56a1,https://iq.linkedin.com/jobs/view/hmi-engineer-at-wood-4436301520,HMI Engineer,Wood,posted,2026-07-08T19:01:27.659859,179
2a91197380ecad92,https://iq.linkedin.com/jobs/view/erpnext-developer-at-honey-bird-ltd-%D9%87%D9%86%D9%8A-%D8%A8%D9%8A%D8%B1%D8%AF-4434824884,ERPNext Developer,Honey Bird Ltd. - هني بيرد,posted,2026-07-08T23:46:05.648419,181
dda19e8bf2016974,https://iq.linkedin.com/jobs/view/hr-specialist-%E2%80%93-iraq-at-abwaab-4436859475,HR Specialist – Iraq,أبواب,posted,2026-07-08T23:46:19.407174,183
4895e5583c471f5d,https://iq.linkedin.com/jobs/view/waiter-waitress-at-erbil-arjaan-4427334970,Waiter / Waitress,,scraped,2026-07-08T23:46:24.009454,
a63e4ab9556ab3b7,https://iq.linkedin.com/jobs/view/copywriter-at-ayass-automotive-%D8%A3%D9%8A%D8%A7%D8%B3-%D9%84%D9%84%D8%B3%D9%8A%D8%A7%D8%B1%D8%A7%D8%AA-4434869990,Copywriter,,scraped,2026-07-08T23:46:38.634982,
0fb7c707aad36fb8,https://iq.linkedin.com/jobs/view/business-development-manager-at-traze-4401745606,Business Development Manager,,scraped,2026-07-08T23:46:54.492207,
d188e59dd78c8a54,https://iq.linkedin.com/jobs/view/lawyer-4434898076,Lawyer,.,posted,2026-07-08T23:47:09.951788,185
f5f398eed7824ac3,https://iq.linkedin.com/jobs/view/b2b-sales-officer-at-tamkeen-4434528287,B2B Sales Officer,التمكين الذكي,posted,2026-07-08T23:47:28.985477,187
dff8e5ba05582912,https://iq.linkedin.com/jobs/view/domain-sales-director-at-ericsson-4437082109,Domain Sales Director,,scraped,2026-07-08T23:47:37.576586,
55d9c6c84f491842,https://iq.linkedin.com/jobs/view/sales-engineer-industrial-automation-solutions-at-uruk-engineering-services-co-ltd-4434855282,Sales Engineer - Industrial Automation Solutions,"Uruk Engineering Services Co., Ltd.",posted,2026-07-08T23:48:07.720444,189
8c62294668d70d65,https://iq.linkedin.com/jobs/view/e-i-engineer-at-azku-global-services-4434830932,E&I Engineer,,scraped,2026-07-08T23:48:14.274827,
be68122ab95a34bc,https://iq.linkedin.com/jobs/view/visiting-faculty-in-international-relations-at-american-university-of-iraq-baghdad-4437061698,Visiting Faculty in International Relations,الجامعة الأمريكية في بغداد AUIB,posted,2026-07-08T23:48:29.312158,191
844a7a63d8bc1ba3,https://iq.linkedin.com/jobs/view/account-manager-dental-iraq-at-shining-3d-4436289314,Account Manager - Dental - Iraq,,scraped,2026-07-08T23:48:31.900300,
e013ae52a60f4c78,https://iq.linkedin.com/jobs/view/instrument-technician-at-wood-4436309294,Instrument Technician,Wood,posted,2026-07-08T23:48:50.413449,193
51e552aaaa7e3b76,https://iq.linkedin.com/jobs/view/ndt-specialist-at-bureau-veritas-4438206080,NDT Specialist,,scraped,2026-07-08T23:48:52.959458,
df24e24461ff320d,https://iq.linkedin.com/jobs/view/fire-fighter-at-amentum-4438572191,Fire Fighter,Amentum,posted,2026-07-09T11:26:45.520628,195
e317828af1f7f83b,https://iq.linkedin.com/jobs/view/project-planner-at-al-karrar-engineering-company-for-general-contracting-ltd-4435660526,Project Planner,Al Karrar Engineering Company For General Contracting LTD.,posted,2026-07-09T11:27:04.941850,197
853742032c248d8f,https://iq.linkedin.com/jobs/view/%D9%85%D8%B3%D8%A4%D9%88%D9%84-%D8%AA%D8%B7%D9%88%D9%8A%D8%B1-%D8%A7%D9%84%D8%B4%D8%B1%D9%83%D8%A7%D8%AA-%D9%88%D8%A7%D9%84%D8%B1%D8%B9%D8%A7%D9%8A%D8%A7%D8%AA-4434899835,مسؤول تطوير الشركات والرعايات,Dark event iraq,posted,2026-07-09T11:27:20.473053,199
e23636037b615ef5,https://iq.linkedin.com/jobs/view/inventory-scm-oracle-sap-maximo-at-arab-solutions-4437393248,Inventory / SCM (Oracle/SAP/Maximo),,scraped,2026-07-09T11:27:23.272038,
b05579c90ced8e75,https://iq.linkedin.com/jobs/view/field-sales-representative-at-caraten-4435656954,Field Sales Representative,,scraped,2026-07-09T11:27:54.065739,
9a5aa74bfe78fc5d,https://iq.linkedin.com/jobs/view/planning-quality-engineer-at-swar-4434831855,Planning & Quality Engineer,سوار,posted,2026-07-09T11:28:10.567319,201
fea4b2dd5ce903b7,https://iq.linkedin.com/jobs/view/senior-compliance-specialist-at-geo-jade-middle-east-sbipro-fz-llc-4434546269,Senior Compliance Specialist,,scraped,2026-07-09T11:28:15.150400,
2d68fdeb69e2c653,https://iq.linkedin.com/jobs/view/bss-engineer-at-huawei-4436311912,BSS Engineer,,scraped,2026-07-09T11:28:31.154840,
7b13bd8818381803,https://iq.linkedin.com/jobs/view/team-leader-guest-services-at-erbil-rotana-4353064360,Team Leader - Guest Services,,scraped,2026-07-09T11:28:55.706394,
9168fd701d12a611,https://iq.linkedin.com/jobs/view/open-rank-faculty-in-ethics-philosophy-at-american-university-of-iraq-baghdad-4437071303,Open Rank Faculty in Ethics & Philosophy,الجامعة الأمريكية في بغداد AUIB,posted,2026-07-09T11:29:44.265326,203
7283643933211e56,https://iq.linkedin.com/jobs/view/chef-de-partie-pastry-at-erbil-arjaan-4433940425,Chef de Partie (Pastry),,scraped,2026-07-09T11:29:46.965436,
90ec4dff8d14241e,https://iq.linkedin.com/jobs/view/accountant-at-al-sunober-co-%D8%B4%D8%B1%D9%83%D8%A9-%D8%A7%D9%84%D8%B5%D9%86%D9%88%D8%A8%D8%B1-4432705997,Accountant,,scraped,2026-07-09T18:28:10.462550,
e494cb5be48c8afb,https://iq.linkedin.com/jobs/view/sales-representative-at-erbil-pioneer-for-supplies-of-oilfield-equipment-ltd-4438627207,SALES REPRESENTATIVE,,scraped,2026-07-09T18:28:21.456541,
523e5a68dd29b9ea,https://iq.linkedin.com/jobs/view/accountant-at-transmed-4435689250,Accountant,Transmed,posted,2026-07-09T18:28:51.427475,205
ed788053d9af09cf,https://iq.linkedin.com/jobs/view/government-relations-officer-lawyer-at-baly-4433947629,Government Relations Officer - Lawyer,,scraped,2026-07-09T18:28:56.122279,
c38ec5038415bcdf,https://iq.linkedin.com/jobs/view/digital-marketing-specialist-at-ring-4435667820,Digital Marketing Specialist,,scraped,2026-07-09T18:29:07.195905,
fe7da8fd154a068f,https://iq.linkedin.com/jobs/view/marketing-executive-at-ram-creative-4435675435,Marketing Executive,Ram Creative,posted,2026-07-09T18:29:29.246844,207
a2db7885cc6c6163,https://iq.linkedin.com/jobs/view/chemical-injection-supervisor-at-wood-4438599755,Chemical Injection Supervisor,Wood,posted,2026-07-09T18:29:55.489780,209
24952f8b380b3538,https://iq.linkedin.com/jobs/view/qa-testing-engineer-at-objectway-4438247136,QA Testing Engineer,,scraped,2026-07-09T18:29:57.899360,
9bc5201f70f81ae5,https://iq.linkedin.com/jobs/view/payment-operations-specialist-merchant-onboarding-at-qicard-4438619945,Payment Operations Specialist-Merchant Onboarding,,scraped,2026-07-09T18:30:06.561530,
8ef91da217eb74a2,https://iq.linkedin.com/jobs/view/senior-media-production-specialist-at-baly-4435679290,Senior Media Production Specialist,,scraped,2026-07-09T18:30:14.263598,
ed840141f1901387,https://iq.linkedin.com/jobs/view/national-consultant-for-evidence-generation-and-data-analysis-on-teenage-mothers-baghdad-iraq-5-5-months-remote-with-travel-at-unicef-chad-4435901401,"National Consultant for Evidence Generation and Data Analysis on Teenage Mothers, Baghdad, Iraq, 5.5 months (Remote with travel)",Unicef CHAD,posted,2026-07-09T18:30:40.963880,211
4837feb72756eeab,https://iq.linkedin.com/jobs/view/hospitality-coordinator-at-sardar-group-4438245249,Hospitality Coordinator,,scraped,2026-07-09T18:30:43.617659,
7da8be1d32f20800,https://iq.linkedin.com/jobs/view/category-specialist-at-hareer-app-4435657884,Category Specialist,Hareer app,posted,2026-07-09T18:31:18.359720,213
704fdef1ad595bb7,https://iq.linkedin.com/jobs/view/novargi-iraq-mechanial-engineer-at-novargi-4438616658,NOVARGI IRAQ: Mechanial Engineer,,scraped,2026-07-09T18:31:20.778918,
8a4935a6c4fec2fe,https://iq.linkedin.com/jobs/view/senior-product-specialist-south-iraq-at-aspen-pharma-group-4438164431,Senior Product Specialist - South Iraq,,scraped,2026-07-09T18:31:29.900775,
d4ebea30bde3f93d,https://iq.linkedin.com/jobs/view/dental-technology-lab-instructor-at-american-university-of-iraq-baghdad-4408992596,Dental Technology Lab Instructor,الجامعة الأمريكية في بغداد AUIB,posted,2026-07-09T18:31:52.064904,215
3429c1739aac43fc,https://iq.linkedin.com/jobs/view/commis-i-at-erbil-rotana-4434881038,Commis I,,scraped,2026-07-09T18:31:54.747031,
6b9752a6a4d4eac2,https://iq.linkedin.com/jobs/view/job-title-maintenance-field-service-specialist-at-arab-solutions-4437382471,Job Title: Maintenance & Field Service Specialist,,scraped,2026-07-09T23:55:48.834967,
f0b91bac66f53065,https://iq.linkedin.com/jobs/view/director-of-entrepreneurship-innovation-at-american-university-of-iraq-baghdad-4427409943,Director of Entrepreneurship & Innovation,الجامعة الأمريكية في بغداد AUIB,posted,2026-07-09T23:56:19.360338,217
adb8918500995106,https://iq.linkedin.com/jobs/view/business-technology-lead-at-transmed-4435676630,Business Technology Lead,Transmed,posted,2026-07-09T23:57:00.759338,219
9459d9959824e9e2,https://iq.linkedin.com/jobs/view/noc-manager-at-onyxes-technologies-4438590190,NOC Manager,,scraped,2026-07-09T23:57:05.591640,
7f4e6063680e2078,https://iq.linkedin.com/jobs/view/senior-exploration-geologist-at-anton-4435907334,Senior Exploration Geologist,Anton,posted,2026-07-09T23:57:58.917201,221
fc40b516f245963d,https://iq.linkedin.com/jobs/view/motion-graphic-designer-at-frequency-lab-4434892524,Motion Graphic Designer,frequency lab,posted,2026-07-09T23:58:20.289131,223
01ba5594e676485c,https://iq.linkedin.com/jobs/view/open-rank-faculty-dental-technology-%E2%80%93-chs-fall-spring-2026-27-at-american-university-of-iraq-baghdad-4409375209,Open Rank Faculty Dental Technology – CHS Fall/Spring 2026-27,الجامعة الأمريكية في بغداد AUIB,posted,2026-07-09T23:58:35.757395,225
4cc1decf09f8a1ac,https://iq.linkedin.com/jobs/view/senior-manager-risk-consulting-fcc-baghdad-at-ey-4399902247,Senior Manager- Risk Consulting- FCC- Baghdad,EY,posted,2026-07-09T23:58:53.088086,227
f425705bf0d466a7,https://iq.linkedin.com/jobs/view/executive-sous-chef-at-erbil-rotana-4416844064,Executive Sous Chef,,scraped,2026-07-09T23:58:55.737862,
b689772718c34a6e,https://iq.linkedin.com/jobs/view/electronic-tech-ii-met-nav-1-at-intrepidgs-4438652554,"Electronic Tech II, Met/Nav-1",IntrepidGS,posted,2026-07-09T23:59:19.693930,229
cfd577928cf4df39,https://iq.linkedin.com/jobs/view/reservoir-engineer-at-anton-4435911215,Reservoir Engineer,Anton,posted,2026-07-10T11:25:06.411558,231
055dc665c7066b96,https://iq.linkedin.com/jobs/view/national-consultant-for-evidence-generation-and-data-analysis-on-teenage-mothers-baghdad-iraq-5-5-months-remote-with-travel-at-unicef-4438667867,"National Consultant for Evidence Generation and Data Analysis on Teenage Mothers, Baghdad, Iraq, 5.5 months (Remote with travel)",اليونيسف,posted,2026-07-10T11:25:21.177603,233
c11405507b536c66,https://iq.linkedin.com/jobs/view/national-consultant-for-evidence-generation-and-data-analysis-on-teenage-mothers-baghdad-iraq-5-5-months-remote-with-travel-at-unicef-mk-4437956878,"National Consultant for Evidence Generation and Data Analysis on Teenage Mothers, Baghdad, Iraq, 5.5 months (Remote with travel)",,scraped,2026-07-10T11:25:29.869618,
1d77cd679ef23f23,https://iq.linkedin.com/jobs/view/project-assistant-national-position-at-avsi-mo%C3%A7ambique-4439012739,Project Assistant (National Position),,scraped,2026-07-10T11:25:42.125235,
9db122e20148a657,https://iq.linkedin.com/jobs/view/project-manager-at-imaker-group-4435953973,Project Manager,,scraped,2026-07-10T11:25:49.191945,
18571fd73eb8b03e,https://iq.linkedin.com/jobs/view/north-regional-sales-manager-4435962531,North Regional Sales Manager,Haier Electronics Middle East FZE,posted,2026-07-10T11:26:03.480399,235
523412ea6f73aa6d,https://iq.linkedin.com/jobs/view/%D9%85%D8%B9%D8%A7%D9%88%D9%86-%D8%B9%D9%85%D9%8A%D8%AF-%D8%B7%D8%A8-%D8%A7%D9%84%D8%A7%D8%B3%D9%86%D8%A7%D9%86-%D9%84%D9%84%D8%B4%D8%A4%D9%88%D9%86-%D8%A7%D9%84%D8%B9%D9%84%D9%85%D9%8A%D8%A9-at-national-university-of-science-and-technology-iraq-4435663971,معاون عميد طب الاسنان للشؤون العلمية,,scraped,2026-07-10T11:26:15.884897,
5175473f112f1a3e,https://iq.linkedin.com/jobs/view/senior-digital-marketing-supervisor-ai-performance-marketing-at-360-degree-consultancy-4438613865,Senior Digital Marketing Supervisor (AI & Performance Marketing),360 Degree Consultancy,posted,2026-07-10T11:26:34.220436,237
3f2cf7fcf9fbed3b,https://iq.linkedin.com/jobs/view/chief-accountant-sap-experince-at-laith-al-obaidi-motors-4434821931,Chief Accountant - SAP Experince,,scraped,2026-07-10T11:26:40.919764,
d950ddaced2b3db2,https://iq.linkedin.com/jobs/view/senior-general-accountant-at-alnimaa-scientific-bureau-4435666747,Senior General Accountant,,scraped,2026-07-10T11:26:47.986551,
985fab4347c2efad,https://iq.linkedin.com/jobs/view/pr-officer-tablet-4435662349,PR officer /tablet,Dijla for Pharmaceutical Industries,posted,2026-07-10T11:27:08.430135,239
5891ee25466c104c,https://iq.linkedin.com/jobs/view/duty-engineer-at-erbil-arjaan-4434567427,Duty Engineer,,scraped,2026-07-10T11:27:21.047456,
02424427aad7f73c,https://iq.linkedin.com/jobs/view/sales-representative-at-black-star-technology-4435907724,Sales Representative,,scraped,2026-07-10T18:10:09.788674,
da51251d85fa0817,https://iq.linkedin.com/jobs/view/sales-representative-at-%D8%AA%D8%B3%D9%87%D9%8A%D9%84-%D8%A5%D9%83%D8%B3%D8%A8%D8%B1%D9%8A%D8%B3-tas-heel-express-4435956991,Sales Representative,تسهيل إكسبريس - Tas-heel Express,posted,2026-07-10T18:10:50.026296,241
85118524f97f42b7,https://iq.linkedin.com/jobs/view/deputy-site-manager-at-elite-talent-4439045304,Deputy Site Manager,,scraped,2026-07-10T18:10:54.649848,
69d560091604b55b,https://iq.linkedin.com/jobs/view/qa-qc-engineer-welding-fabrication-at-erbil-pioneer-for-supplies-of-oilfield-equipment-ltd-4438627211,QA QC ENGINEER-WELDING & FABRICATION,,scraped,2026-07-10T18:11:08.944150,
4c8aabf7a5e5f740,https://iq.linkedin.com/jobs/view/field-sales-representative-at-digital-future-for-e-payment-services-%D9%85%D8%A8%D8%A7%D8%B4%D8%B1-mubasher-4435675407,Field Sales Representative,Digital Future for E-payment services (مباشر- Mubasher),posted,2026-07-10T18:11:27.834684,243
3bd811c3a3cf8840,https://iq.linkedin.com/jobs/view/forex-consultant-4433761079,Forex Consultant,Forexcity,posted,2026-07-10T18:12:07.102575,245
8e95c9d904feb2c5,https://iq.linkedin.com/jobs/view/certified-surgical-technologist-i-8-hour-shifts-long-island-asc-at-hospital-for-special-surgery-4438844334,Certified Surgical Technologist I - 8 hour Shifts - Long Island ASC,Hospital for Special Surgery,posted,2026-07-10T18:12:25.957103,247
fef4916c04dd8dbf,https://iq.linkedin.com/jobs/view/operations-technician-at-toyota-iraq-4436632486,Operations Technician,,scraped,2026-07-10T23:33:34.631201,
6c6d4788275f2588,https://iq.linkedin.com/jobs/view/project-assistant-national-position-at-avsi-kenya-4437985553,Project Assistant (National Position),,scraped,2026-07-10T23:33:48.025424,
a18a5b0aac5fa01e,https://iq.linkedin.com/jobs/view/pmo-processes-officer-at-zaincash-4437782327,PMO & Processes Officer,ZainCash,posted,2026-07-10T23:34:24.459244,249
da5a0677ef3f4ff6,https://iq.linkedin.com/jobs/view/retail-store-manager-at-istyle-iraq-4387520469,Retail Store Manager,,scraped,2026-07-10T23:34:27.115548,
af8d9f229938f0c9,https://iq.linkedin.com/jobs/view/field-engineer-nextgen-graduate-program-iraq-at-weatherford-4438832684,Field Engineer - NextGen Graduate Program Iraq,Weatherford,posted,2026-07-10T23:34:51.090181,251
d44b0bcdcd7ab910,https://iq.linkedin.com/jobs/view/marketing-manager-at-hiwa-rauf-for-investment-and-development-4438655584,Marketing Manager,,scraped,2026-07-10T23:34:53.516007,
5f110c72eb75d7c6,https://iq.linkedin.com/jobs/view/retail-sales-executive-at-istyle-iraq-4387511782,Retail Sales Executive,,scraped,2026-07-10T23:35:04.025691,
cfe05060f592cfcf,https://iq.linkedin.com/jobs/view/sales-team-lead-iraq-at-traze-4402003074,Sales Team Lead- Iraq,,scraped,2026-07-10T23:35:10.454713,
86a015b01181de24,https://iq.linkedin.com/jobs/view/commercial-manager-at-uruk-dt-4435682232,Commercial Manager,,scraped,2026-07-10T23:35:17.740355,
41af06d33285f7ac,https://iq.linkedin.com/jobs/view/fire-inspector-lead-at-v2x-inc-4433835722,Fire Inspector Lead,V2X Inc,posted,2026-07-10T23:35:47.321927,253
13b12ab09a80070a,https://iq.linkedin.com/jobs/view/deputy-fire-chief-at-v2x-inc-4433831890,Deputy Fire Chief,V2X Inc,posted,2026-07-10T23:36:20.712640,255
039a522f489ee089,https://iq.linkedin.com/jobs/view/legal-supervisor%EF%BC%88iraq%EF%BC%89-4435964557,Legal Supervisor（Iraq）,Haier Electronics Middle East FZE,posted,2026-07-10T23:36:49.097053,257
5e9dc0a3e1975bb6,https://iq.linkedin.com/jobs/view/quality-engineer-at-capgemini-4439311683,Quality Engineer,,scraped,2026-07-10T23:36:51.453107,
37264a3fac18a2f0,https://iq.linkedin.com/jobs/view/open-rank-faculty-psychology-fall-spring-2025-26-at-american-university-of-iraq-baghdad-4313590886,Open Rank Faculty Psychology Fall/Spring 2025-26,الجامعة الأمريكية في بغداد AUIB,posted,2026-07-10T23:37:15.089683,259
146b8c1844c73229,https://iq.linkedin.com/jobs/view/neonatal-intensive-care-nurse-4439357685,Neonatal Intensive Care Nurse,Self-employed,posted,2026-07-10T23:38:08.703873,261
4e683dcb3c52074c,https://iq.linkedin.com/jobs/view/country-manager-iraq-joint-office-at-danish-red-cross-4431694829,Country Manager - Iraq Joint Office,,scraped,2026-07-11T07:23:47.640771,
de8565eb7b7bde31,https://iq.linkedin.com/jobs/view/product-manager-at-kinetic-business-solutions-4435941526,Product Manager,,scraped,2026-07-11T07:24:01.990709,
ea2be5a048f651dd,https://iq.linkedin.com/jobs/view/hr-generalist-admin-specialist-iraq-at-evyap-4411133789,HR Generalist & Admin Specialist - Iraq,,scraped,2026-07-11T07:24:08.974214,
55bfaa61f538cacd,https://iq.linkedin.com/jobs/view/health-and-safety-manager-at-terminal-investment-limited-4436602456,Health And Safety Manager,Terminal Investment Limited,posted,2026-07-11T07:24:37.632307,263
5c4c6b8c2b1fd5ec,https://iq.linkedin.com/jobs/view/sales-specialist-at-skylla-4436662065,Sales Specialist,,scraped,2026-07-11T07:25:02.193343,
3a53573178199ed1,https://iq.linkedin.com/jobs/view/postdoctoral-fellow-position-at-american-autonomic-society-aas-4436650557,POSTDOCTORAL FELLOW POSITION,American Autonomic Society (AAS),posted,2026-07-11T07:25:32.829794,265
2067871fbf3e2dee,https://iq.linkedin.com/jobs/view/solutions-engineer-red-hat-open-shift-linux-and-infrastructure-solutions-at-black-star-technology-4435907734,Solutions Engineer (Red Hat Open Shift/Linux and Infrastructure Solutions),,scraped,2026-07-11T07:25:45.390711,
bded453e2733b674,https://iq.linkedin.com/jobs/view/senior-consultant-tech-risk-iraq-at-ey-4435997251,Senior Consultant - Tech Risk - Iraq,EY,posted,2026-07-11T07:26:28.298619,267
cae07c722ba35ff5,https://iq.linkedin.com/jobs/view/kapcsolat-at-medicalbeauty-hu-4438346319,Kapcsolat,Medicalbeauty.hu,posted,2026-07-11T11:34:07.892178,269
c666016f315fc8b5,https://iq.linkedin.com/jobs/view/dehidrat%C3%A1lt-at-medicalbeauty-hu-4438331783,Dehidratált,Medicalbeauty.hu,posted,2026-07-11T11:34:23.380657,271
193e570792a34202,https://iq.linkedin.com/jobs/view/transportation-coordinator-southwest-asia-at-general-dynamics-information-technology-4439350819,Transportation Coordinator (Southwest Asia),General Dynamics Information Technology,posted,2026-07-11T11:34:43.918051,273
273f5dde4478a6e1,https://iq.linkedin.com/jobs/view/warehouseman-mhe-operator-southwest-asia-at-general-dynamics-information-technology-4439357627,Warehouseman / MHE Operator (Southwest Asia),General Dynamics Information Technology,posted,2026-07-11T11:35:07.160674,275
a0007142586af702,https://iq.linkedin.com/jobs/view/pyp-coordinator-baghdad-at-mz-talent-group-4435324780,PYP Coordinator - Baghdad,,scraped,2026-07-11T11:35:29.763126,
ed0b95f069ab7964,https://iq.linkedin.com/jobs/view/sales-specialist-at-zoomlion-middle-east-4437798389,Sales Specialist,,scraped,2026-07-11T11:35:36.809564,
f942b1d6ae0c36d3,https://iq.linkedin.com/jobs/view/laboratory-instructor-of-anesthesia-technology-at-american-university-of-iraq-baghdad-4371106689,Laboratory Instructor of Anesthesia Technology,الجامعة الأمريكية في بغداد AUIB,posted,2026-07-11T11:36:18.079610,277
f33638b15887d55a,https://iq.linkedin.com/jobs/view/mechanical-engineer-%E2%80%93-automotive-technician-at-ayass-automotive-%D8%A3%D9%8A%D8%A7%D8%B3-%D9%84%D9%84%D8%B3%D9%8A%D8%A7%D8%B1%D8%A7%D8%AA-4436646957,Mechanical Engineer – Automotive Technician,,scraped,2026-07-11T11:36:20.691788,
bb940fe681fb673b,https://iq.linkedin.com/jobs/view/transportation-lead-southwest-asia-at-general-dynamics-information-technology-4439352834,Transportation Lead (Southwest Asia),General Dynamics Information Technology,posted,2026-07-11T11:37:11.320018,279
88fd5e5b236b1fc6,https://iq.linkedin.com/jobs/view/d%C3%A9veloppeur-java-react-at-capgemini-4439300932,Développeur Java / React,,scraped,2026-07-11T11:37:27.707353,
0100d9de41d564ce,https://iq.linkedin.com/jobs/view/environmental-and-social-e-s-manager-at-terminal-investment-limited-4436603518,Environmental and Social (E&S) Manager,Terminal Investment Limited,posted,2026-07-11T11:37:48.359475,281
112b56a5072c0006,https://iq.linkedin.com/jobs/view/cellulit-at-medicalbeauty-hu-4438332870,Cellulit,Medicalbeauty.hu,posted,2026-07-11T11:38:05.647082,283
4b10577e05a7aa72,https://iq.linkedin.com/jobs/view/firefighter-crew-chief-at-v2x-inc-4433842561,Firefighter Crew Chief,V2X Inc,posted,2026-07-11T11:38:26.455962,285
2398aeb073028851,https://iq.linkedin.com/jobs/view/firefighter-crew-chief-at-v2x-inc-4433831860,Firefighter Crew Chief,V2X Inc,scraped,2026-07-11T11:38:30.611656,
f5aac031a8527f66,https://iq.linkedin.com/jobs/view/firefighter-crew-chief-at-v2x-inc-4433828971,Firefighter Crew Chief,V2X Inc,scraped,2026-07-11T11:38:34.787430,
4a777a784fd2b0b0,https://iq.linkedin.com/jobs/view/technician-at-sardar-group-4439553114,Technician,,scraped,2026-07-11T11:38:37.454570,
8b54381ab27a6471,https://iq.linkedin.com/jobs/view/sales-officer-food-baghdad-at-baly-4434526201,Sales Officer (Food) - Baghdad,,scraped,2026-07-11T15:34:33.237349,
6ce01825c842caf7,https://iq.linkedin.com/jobs/view/project-assistant-national-position-at-avsi-ecuador-4435979823,Project Assistant (National Position),,scraped,2026-07-11T15:34:53.937037,
00b3c423c5919b0e,https://iq.linkedin.com/jobs/view/sales-representative-at-varsa-company-4436676640,Sales Representative,,scraped,2026-07-11T15:35:30.471052,
30842bf01ae2b823,https://iq.linkedin.com/jobs/view/commission-sales-associate-at-alnoor-consultants-limited-4436661588,Commission Sales Associate,ALNOOR CONSULTANTS LIMITED,posted,2026-07-11T15:36:08.282816,287
ee815ac605340a9c,https://iq.linkedin.com/jobs/view/szeborre%C3%A1s-at-medicalbeauty-hu-4438327928,Szeborreás,Medicalbeauty.hu,posted,2026-07-11T15:36:35.292045,289
0f14217e63b8d1e5,https://iq.linkedin.com/jobs/view/personal-assistant-at-enab-rooftop-4435692225,Personal Assistant,Enab Rooftop,posted,2026-07-11T18:40:17.626616,291
30bc89c10d6af7aa,https://iq.linkedin.com/jobs/view/content-creator-planner-at-brodmann-4436679690,Content Creator & Planner,,scraped,2026-07-11T18:40:36.276110,
2f6b8b5b9f5edb06,https://iq.linkedin.com/jobs/view/marketing-operations-coordinator-at-region-trade-bank-4439549485,Marketing Operations Coordinator,,scraped,2026-07-11T18:40:43.185271,
e527c6f41ff8ca3b,https://iq.linkedin.com/jobs/view/bilingual-social-media-manager-ai-trainer-at-dataannotation-4364644848,Bilingual Social Media Manager - AI Trainer,DataAnnotation,posted,2026-07-11T18:40:57.005938,293
38a6263b943ccde3,https://iq.linkedin.com/jobs/view/odoo-implement-senior-at-tamm-it-international-4436667943,Odoo implement senior,TAMM IT INTERNATIONAL,posted,2026-07-11T18:41:34.862067,295
03b774703da6ccfb,https://iq.linkedin.com/jobs/view/aftersales-manager-automotive-at-laith-al-obaidi-motors-4436652967,Aftersales Manager-  Automotive,,scraped,2026-07-11T18:41:41.543281,
25ff97de5209e75a,https://iq.linkedin.com/jobs/view/dmt-at-sardar-group-4439545374,DMT,,scraped,2026-07-11T18:42:18.140845,
1dca57a1816006a7,https://iq.linkedin.com/jobs/view/air-conditioner-product-specialist-4435966418,Air Conditioner Product Specialist,Haier Electronics Middle East FZE,posted,2026-07-11T18:42:42.849911,297
b823a0f5cc392186,https://iq.linkedin.com/jobs/view/skincare-specialist-at-%D9%88%D8%B3%D9%8A%D8%B7-%D8%A7%D9%84%D8%A7%D9%81%D9%82-waseetalaufuq-4436661947,Skincare specialist,,scraped,2026-07-11T20:55:13.594179,
7004128aad0a649b,https://iq.linkedin.com/jobs/view/open-rank-faculty-radiologic-science-medical-imaging-fall-spring-2026-2027-at-american-university-of-iraq-baghdad-4319199218,Open Rank Faculty Radiologic Science/Medical Imaging Fall/Spring 2026-2027,الجامعة الأمريكية في بغداد AUIB,posted,2026-07-11T20:56:52.519546,299
d260656c25cb2e82,https://iq.linkedin.com/jobs/view/field-operator-at-kbr-inc-4440015691,Field Operator,"KBR, Inc.",posted,2026-07-13T12:23:00.267418,301
41f4059fb94e9cec,https://iq.linkedin.com/jobs/view/kapcsolat-at-medicalbeauty-hu-4438996687,Kapcsolat,Medicalbeauty.hu,posted,2026-07-13T12:23:05.467353,269
a49e6a22ee6866ec,https://iq.linkedin.com/jobs/view/szeborre%C3%A1s-at-medicalbeauty-hu-4439106085,Szeborreás,Medicalbeauty.hu,posted,2026-07-13T12:23:18.980150,303
b3b676ffec0893d7,https://iq.linkedin.com/jobs/view/control-room-operator-at-kbr-inc-4440029123,Control Room Operator,"KBR, Inc.",posted,2026-07-13T12:23:29.723944,305
63e53f1bb2296918,https://iq.linkedin.com/jobs/view/country-manager-at-cb-i-4438187830,Country Manager,CB&amp;I,posted,2026-07-13T12:23:51.987763,307
698fa0a8b581d194,https://iq.linkedin.com/jobs/view/cellulit-at-medicalbeauty-hu-4439103164,Cellulit,Medicalbeauty.hu,posted,2026-07-13T12:24:07.123778,283
b8dc277e6bf2bf4e,https://iq.linkedin.com/jobs/view/insurance-sales-specialist-at-ur-international-insurance-company-uriic-iraq-4437277278,Insurance Sales Specialist,,scraped,2026-07-13T12:24:13.742227,
1ed6c320ecce20a3,https://iq.linkedin.com/jobs/view/salesperson-at-al-batek-insurance-company-4437247503,Salesperson,Al Batek Insurance Company,posted,2026-07-13T12:24:32.810327,309
00b821716ddb6c51,https://iq.linkedin.com/jobs/view/corporate-legal-counsel-at-qicard-4439793579,Corporate Legal Counsel,,scraped,2026-07-13T12:24:57.480819,
1946475f912d664b,https://iq.linkedin.com/jobs/view/bess-pv-sales-manager-iraq-at-longi-solar-4439152287,BESS & PV Sales Manager - Iraq,,scraped,2026-07-13T12:25:06.655787,
a983a1c9faabce63,https://iq.linkedin.com/jobs/view/trade-marketing-at-taurus-energy-4437218089,Trade Marketing,,scraped,2026-07-13T12:25:15.104382,
ca4ddb98fe328040,https://iq.linkedin.com/jobs/view/executive-chef-at-m%C3%B6venpick-hotels-resorts-4438980248,Executive Chef,,scraped,2026-07-13T12:25:27.409397,
f88a6bc1f4280261,https://iq.linkedin.com/jobs/view/sous-chef-at-she-beauty-clinic-4437261820,Sous Chef,She Beauty Clinic,posted,2026-07-13T12:25:48.055155,311
6a56978bd8f5cb7a,https://iq.linkedin.com/jobs/view/sales-specialist-at-hanooot-4437223119,Sales Specialist,,scraped,2026-07-13T12:25:54.631185,
82552974a332fa5e,https://iq.linkedin.com/jobs/view/b2b-sales-executive-pulse-zone-at-pulse-zone-4437218661,B2B Sales Executive | Pulse Zone,,scraped,2026-07-13T12:26:01.123939,
6c4a72fecfec1d9d,https://iq.linkedin.com/jobs/view/accountant-4437200977,Accountant,Shimal brick company,posted,2026-07-13T12:26:11.813319,205
a3f90d716a320b85,https://iq.linkedin.com/jobs/view/tax-team-lead-at-atlas-copco-4419783266,Tax Team Lead,,scraped,2026-07-13T12:26:18.219362,
bfb5ea571cb84ca2,https://iq.linkedin.com/jobs/view/horizontals-foreman-rtch-grader-heavy-equip-at-amentum-4439748205,"Horizontals Foreman (RTCH, Grader & Heavy Equip)",Amentum,posted,2026-07-13T12:26:36.113748,313
3f1ee2ea3631085c,https://iq.linkedin.com/jobs/view/chef-de-partie-at-erbil-arjaan-4437258659,Chef de Partie,,scraped,2026-07-13T12:26:46.686220,
77249a80e83a68a0,https://iq.linkedin.com/jobs/view/radiology-lab-instructor-at-american-university-of-iraq-baghdad-4223377576,Radiology Lab Instructor,الجامعة الأمريكية في بغداد AUIB,posted,2026-07-13T12:27:04.552939,315
e9aeafa3dfbdda65,https://iq.linkedin.com/jobs/view/central-sterile-technician-i-various-shifts-long-island-asc-at-hospital-for-special-surgery-4440844893,Central Sterile Technician I - Various Shifts - Long Island ASC,Hospital for Special Surgery,posted,2026-07-15T09:32:13.514690,317
b12a631ff6beb8e8,https://iq.linkedin.com/jobs/view/airfield-safety-manager-at-v2x-inc-4439448621,Airfield Safety Manager,V2X Inc,posted,2026-07-15T09:32:26.032488,319
c4e6eb90d55cfa23,https://iq.linkedin.com/jobs/view/housekeeping-attendant-at-slemani-rotana-4412371632,Housekeeping Attendant,Slemani Rotana,posted,2026-07-15T09:32:36.858774,321
847434e7d2feb657,https://iq.linkedin.com/jobs/view/associate-quality-assurance-at-talabat-4439986628,Associate Quality Assurance,,scraped,2026-07-15T09:32:43.538976,
6e277a8ccb1f7e67,https://iq.linkedin.com/jobs/view/procurement-manager-at-basrah-mas-company-oil-gas-4436686230,Procurement Manager,,scraped,2026-07-15T09:32:50.628050,
865830968742bb47,https://iq.linkedin.com/jobs/view/it-euc-specialist-at-iraqi-energy-company-confidential-4440909649,IT EUC Specialist,Iraqi Energy Company - Confidential,posted,2026-07-15T09:33:08.574872,323
1993989cef36e05e,https://iq.linkedin.com/jobs/view/%23x645-%23x631-%23x648-%23x62c-%23x629-%23x645-%23x628-%23x64a-%23x639-%23x627-%23x62a-%23x641-%23x64a-%23x628-%23x62b-%23x645-%23x628-%23x627-%23x634-%23x631-at-hcdmena%C2%AE-4439961030,&#x645;&#x631;&#x648;&#x62C;&#x629; &#x645;&#x628;&#x64A;&#x639;&#x627;&#x62A; &#x641;&#x64A; &#x628;&#x62B; &#x645;&#x628;&#x627;&#x634;&#x631;,,scraped,2026-07-15T09:33:11.287320,
45af03c26d39e846,https://iq.linkedin.com/jobs/view/content-specialist-at-line-creative-4437264790,Content Specialist,line creative,posted,2026-07-15T09:33:31.443916,325
3b63115987e1b70a,https://iq.linkedin.com/jobs/view/production-manager-at-brand-aid-marketing-solutions-4437676454,Production Manager,,scraped,2026-07-15T09:33:40.096560,
2408d173da7093f8,https://iq.linkedin.com/jobs/view/power-expert-at-agile-solutions-4438055644,Power Expert,Agile Solutions,posted,2026-07-15T09:33:58.959136,327
15d63c328ed934e1,https://iq.linkedin.com/jobs/view/brand-manager-at-elite-talent-4440504953,Brand Manager,,scraped,2026-07-15T09:34:01.629649,
06e292d33441f6ea,https://iq.linkedin.com/jobs/view/head-of-kams-tender-management-at-abbvie-4439419366,Head of KAMs & Tender Management,AbbVie,posted,2026-07-15T09:34:23.536978,329
d2e05f2fbc376b26,https://iq.linkedin.com/jobs/view/gis-engineer-at-qicard-4439572077,GIS Engineer,,scraped,2026-07-15T09:34:30.187403,
1088c43554b68388,https://iq.linkedin.com/jobs/view/front-desk-agent-at-m%C3%B6venpick-hotels-resorts-4439963280,Front Desk Agent,,scraped,2026-07-15T09:34:37.269246,
8ee4a32f860dc0bc,https://iq.linkedin.com/jobs/view/it-service-desk-administrator-ii-at-talabat-4412798811,IT Service Desk Administrator II,,scraped,2026-07-15T09:34:45.550639,
6db47fb1760d1fbe,https://iq.linkedin.com/jobs/view/zain2408-b2b-account-executive-baghdad-at-zain-iraq-4440060029,ZAIN2408 - B2B Account Executive - Baghdad,Zain Iraq,posted,2026-07-15T09:35:18.635046,331
6df084b85fcb9aca,https://iq.linkedin.com/jobs/view/executive-project-director-iraq-at-stellar-energy-global-infrastructure-4431744746,Executive Project Director-Iraq,Stellar Energy Global Infrastructure,posted,2026-07-15T09:35:33.630094,333
3f7f64af75682f27,https://iq.linkedin.com/jobs/view/project-director-iraq-at-stellar-energy-global-infrastructure-4431748720,Project Director-Iraq,Stellar Energy Global Infrastructure,posted,2026-07-15T09:35:44.464981,335
7592960b19970609,https://iq.linkedin.com/jobs/view/video-editor-motion-graphic-designer-at-jasmine-iraq-4437273890,Video editor/Motion graphic designer,Jasmine Iraq,posted,2026-07-15T09:36:01.861463,337
b9f66bbf4020abd9,https://iq.linkedin.com/jobs/view/mha-chaplain-vacancies-at-free-churches-group-4439548973,MHA Chaplain Vacancies,Free Churches Group,posted,2026-07-15T09:36:15.995691,339
2741ce1e23274f26,https://iq.linkedin.com/jobs/view/canalaska-announces-results-from-nebula-winter-drill-program-at-indigenous-miner-4439917838,CanAlaska Announces Results from Nebula Winter Drill Program,Indigenous Miner,posted,2026-07-15T09:36:30.530561,341
e8573d10a1e33583,https://iq.linkedin.com/jobs/view/%D9%85%D8%B3%D8%A7%D8%B9%D8%AF-%D9%85%D9%88%D8%A7%D8%B1%D8%AF-%D8%A8%D8%B4%D8%B1%D9%8A%D8%A9-at-high-tech-enterprise-%D8%A7%D9%84%D8%AA%D9%83%D9%86%D9%84%D9%88%D8%AC%D9%8A%D8%A7-%D8%A7%D9%84%D8%B9%D8%A7%D9%84%D9%8A%D8%A9-4438076003,مساعد موارد بشرية,,scraped,2026-07-15T09:36:35.125178,
cf90fad194aef29c,https://iq.linkedin.com/jobs/view/education-officer-no-2-fixed-term-position-%2300129838-basrah-iraq-open-to-iraqi-national-only-at-unicef-chad-4438002692,"Education Officer, NO-2, Fixed Term Position, #00129838, Basrah, Iraq, (Open to Iraqi National only)",Unicef CHAD,posted,2026-07-15T09:36:55.422134,343
a4f7aa7431f8b45f,https://iq.linkedin.com/jobs/view/quality-supervisor-at-wood-4412115986,Quality Supervisor,Wood,posted,2026-07-15T09:37:11.351294,345
3fb4fb4f4bfbf121,https://iq.linkedin.com/jobs/view/shampoo-assistant-at-al-sagheer-group-4439926497,SHAMPOO ASSISTANT,Al Sagheer Group,posted,2026-07-15T09:37:27.155052,347
3e6aa7e11902eb46,https://iq.linkedin.com/jobs/view/sales-executive-odoo-at-business-pro-tech-%D8%A7%D9%84%D8%A7%D8%A8%D8%AF%D8%A7%D8%B9-%D8%A7%D9%84%D8%B1%D9%82%D9%85%D9%8A-4440573645,Sales Executive Odoo,,scraped,2026-07-15T09:37:29.725784,
acdfd991e1e8adbf,https://iq.linkedin.com/jobs/view/security-advisor-at-eni-4440078632,Security Advisor,,scraped,2026-07-15T09:37:36.346147,
f65092f065d3ee10,https://iq.linkedin.com/jobs/view/senior-finance-controller-at-airswift-4438612488,Senior Finance Controller,Airswift,posted,2026-07-15T09:37:51.364688,349
755452af02cd4553,https://iq.linkedin.com/jobs/view/sales-specialist-4438013904,Sales Specialist,Human architecture,posted,2026-07-15T09:38:04.556517,351
91623f96f3e70b93,https://iq.linkedin.com/jobs/view/internal-auditor-at-qs-group-4438067690,Internal Auditor,QS GROUP,posted,2026-07-15T09:38:22.828791,353
a35b8d90cc99290f,https://iq.linkedin.com/jobs/view/dc-cloud-netbackup-supervisor-at-kbr-inc-4440017665,DC Cloud & NetBackup Supervisor,"KBR, Inc.",posted,2026-07-15T09:38:34.487280,355
f6db382424b3fe81,https://iq.linkedin.com/jobs/view/executive-pastry-chef-at-erbil-rotana-4428586601,Executive Pastry Chef,,scraped,2026-07-15T09:38:41.105994,
1a0db2d6096a9210,https://iq.linkedin.com/jobs/view/open-rank-faculty-optometry-and-vision-science-at-american-university-of-iraq-baghdad-4371102970,Open Rank Faculty Optometry and Vision Science,الجامعة الأمريكية في بغداد AUIB,posted,2026-07-15T09:38:59.919592,357
5fa048f14e920bc8,https://iq.linkedin.com/jobs/view/disposal-yard-specialist-at-amentum-4441415646,Disposal Yard Specialist,Amentum,posted,2026-07-17T09:28:42.449708,359
feeb9b80c7eefb9e,https://iq.linkedin.com/jobs/view/government-relations-specialist-at-al-safi-group-co-4438096077,Government Relations Specialist,Al Safi Group Co.,posted,2026-07-17T09:28:55.647201,361
f4e52077fc03e690,https://iq.linkedin.com/jobs/view/geographic-info-system-specialist-mc-at-halliburton-4440203674,Geographic Info System Specialist-MC,Halliburton,posted,2026-07-17T09:29:08.409864,363
630bef8eb7caca52,https://iq.linkedin.com/jobs/view/geographic-info-system-specialist-mc-at-halliburton-4440634847,Geographic Info System Specialist-MC,Halliburton,posted,2026-07-17T09:29:15.256191,363
c0c0fbd4c7c1f55e,https://iq.linkedin.com/jobs/view/inspection-engineers-at-t-all-inspection-4437662749,Inspection Engineers,,scraped,2026-07-17T09:29:19.938658,
1e53836f437e64d5,https://iq.linkedin.com/jobs/view/i-c-and-scada-engineer-at-bureau-veritas-4440693446,I&C and SCADA Engineer,,scraped,2026-07-17T09:29:28.662231,
59dc94dabc3dfc67,https://iq.linkedin.com/jobs/view/creative-production-manager-at-american-university-of-iraq-baghdad-4413886274,Creative Production Manager,الجامعة الأمريكية في بغداد AUIB,posted,2026-07-17T09:29:45.075661,365
79e0eec7dab8c927,https://iq.linkedin.com/jobs/view/labor-relations-team-leader-at-ucc-holding-4441478867,Labor Relations Team Leader,,scraped,2026-07-17T09:29:47.821983,
a13cb81b181da49c,https://iq.linkedin.com/jobs/view/income-auditor-at-erbil-arjaan-4413599305,Income Auditor,,scraped,2026-07-17T09:29:54.661679,
f3daeb9b73611662,https://iq.linkedin.com/jobs/view/geology-advisor-at-halliburton-4440644585,Geology Advisor,Halliburton,posted,2026-07-17T09:30:09.735215,367
695019f6753e7b4a,https://iq.linkedin.com/jobs/view/process-analyst-ii-at-halliburton-4440205639,Process Analyst II,Halliburton,posted,2026-07-17T09:30:20.392498,369
a6858a704f056ffc,https://iq.linkedin.com/jobs/view/architect-at-bitwen-group-4438436152,Architect,Bitwen Group,posted,2026-07-17T09:30:29.549127,371
21512e04005d643b,https://iq.linkedin.com/jobs/view/petrophysics-advisor-at-halliburton-4440214328,Petrophysics Advisor,Halliburton,posted,2026-07-17T09:30:38.218636,373
530a92bcd6ef3d13,https://iq.linkedin.com/jobs/view/sales-officer-at-pt-iegcode-karya-bangsa-4438974850,Sales Officer,,scraped,2026-07-17T09:30:40.695495,
42d1735a593aa343,https://iq.linkedin.com/jobs/view/field-sales-executive-erbil-at-coca-cola-cci-4437207787,Field Sales Executive- Erbil,Coca-Cola İçecek,posted,2026-07-17T09:31:33.077748,375
d5e1e5178168c4c5,https://iq.linkedin.com/jobs/view/credit-control-inquiry-senior-associate-at-national-bank-of-iraq-4439427328,Credit Control Inquiry Senior Associate,National Bank of Iraq,posted,2026-07-17T09:31:45.723539,377
6cd534b9fdffe42e,https://iq.linkedin.com/jobs/view/quality-control-microbiologist-at-aujan-coca-cola-beverages-company-accbc-4441481020,Quality Control Microbiologist,,scraped,2026-07-17T09:31:48.572866,
470acaa682bcb7b2,https://iq.linkedin.com/jobs/view/sales-specialist-at-zoomlion-middle-east-4440037484,Sales Specialist,,scraped,2026-07-17T09:31:57.759337,
e400f22e030192af,https://iq.linkedin.com/jobs/view/solutions-manager-at-anton-4438739408,Solutions Manager,Anton,posted,2026-07-17T09:32:21.503683,379
6d8a696f50006e38,https://iq.linkedin.com/jobs/view/elite-relationship-manager-at-arab-bank-iraq-4438408036,Elite Relationship Manager,Arab Bank Iraq,posted,2026-07-17T09:32:31.636015,381
df536a243b97b88b,https://iq.linkedin.com/jobs/view/associate-director-of-performance-growth-at-american-university-of-iraq-baghdad-4413879512,Associate Director of Performance & Growth,الجامعة الأمريكية في بغداد AUIB,posted,2026-07-17T09:32:43.122087,383
c672039ca23363bf,https://iq.linkedin.com/jobs/view/research-assessment-and-monitoring-ram-officer-sc8-baghdad-iraq-at-world-food-programme-4441459317,"Research, Assessment and Monitoring (RAM) Officer - SC8 - Baghdad, Iraq",,scraped,2026-07-17T09:32:45.930058,
7c8a4bb2ae9d5526,https://iq.linkedin.com/jobs/view/piping-supervisor-at-wood-4441434794,Piping Supervisor,Wood,posted,2026-07-17T09:33:06.257453,385
3193521a4359b9a0,https://iq.linkedin.com/jobs/view/sales-engineer-upstream-at-al-mrooj-company-for-oil-services-ltd-4437650793,Sales Engineer - Upstream,,scraped,2026-07-17T09:33:09.056720,
bc2e4ea6d9b9e47d,https://iq.linkedin.com/jobs/view/qa-testing-engineer-at-objectway-4439828759,QA Testing Engineer,,scraped,2026-07-17T09:33:19.011921,
70117754a246a006,https://iq.linkedin.com/jobs/view/warehouse-supervisor-at-al-awsat-distribution-4440972373,Warehouse Supervisor,,scraped,2026-07-17T09:33:28.693943,
0527af161ac4dbda,https://iq.linkedin.com/jobs/view/head-of-finance-at-korek-telecom-4438712338,Head of Finance,,scraped,2026-07-17T09:33:36.730718,
80ec81edc5c63d17,https://iq.linkedin.com/jobs/view/head-of-fcc-iraq-at-standard-chartered-4440244628,Head of FCC - Iraq,,scraped,2026-07-17T09:33:43.959241,
cadc47999fa827e3,https://iq.linkedin.com/jobs/view/%D8%AA%D8%B7%D9%88%D9%8A%D8%B1-%D8%A3%D8%B9%D9%85%D8%A7%D9%84-at-smm-for-marketing-solution-4438723169,تطوير أعمال,SMM FOR MARKETING SOLUTION,posted,2026-07-17T09:33:58.933600,387
ebf8865d88b03c86,https://iq.linkedin.com/jobs/view/service-engineer-at-uruk-dt-4438053860,Service Engineer,,scraped,2026-07-17T09:34:01.797031,
b4873cce27f97e04,https://iq.linkedin.com/jobs/view/real-estate-salesperson-at-al-anfas-real-estate-investments-limited-company-4437271343,Real Estate Salesperson,,scraped,2026-07-17T09:34:08.669942,
c15f0c5a4d560b90,https://iq.linkedin.com/jobs/view/zain2407-indirect-sales-account-executive-diyala-at-zain-iraq-4439792867,ZAIN2407 - Indirect Sales Account Executive (Diyala),Zain Iraq,posted,2026-07-17T09:34:35.805164,389
737d3038bbea3f00,https://iq.linkedin.com/jobs/view/service-engineer-baghdad-at-zakka-multitec-4440542381,Service Engineer Baghdad,,scraped,2026-07-17T09:34:38.441792,
30f9719568ad3317,https://iq.linkedin.com/jobs/view/commercial-director-sales-at-global-consultancy-network-llc-4438740267,Commercial Director (Sales),Global Consultancy Network LLC,posted,2026-07-17T09:34:53.434149,391
c649f136130eb55a,https://iq.linkedin.com/jobs/view/qa-engineer-at-zaincash-4440541989,QA Engineer,ZainCash,posted,2026-07-17T09:35:09.493454,393
cae1ddab0d43d0c4,https://iq.linkedin.com/jobs/view/asian-chef-hot-kitchen-at-yuzu-japanese-more-4438413038,Asian Chef (Hot Kitchen),Yuzu Japanese & More,posted,2026-07-17T09:35:20.587890,395
992b8929925b0dc4,https://iq.linkedin.com/jobs/view/senior-programme-manager-durable-solutions-and-ddrr-coordinator-p-at-iom-un-migration-4441954275,Senior Programme Manager (Durable Solutions and DDRR Coordinator) (P),IOM - UN Migration,posted,2026-07-17T09:35:34.940732,397
ed91df2fbc53dbf9,https://iq.linkedin.com/jobs/view/mechanical-technician-at-wrs-worldwide-recruitment-solutions-4440520352,Mechanical Technician,,scraped,2026-07-17T09:35:37.591464,
6c30b41d1bbbe674,https://iq.linkedin.com/jobs/view/electrical-and-instrumentation-lead-at-wood-4441442474,Electrical and Instrumentation Lead,Wood,posted,2026-07-17T09:35:56.224589,399
18b9b4fcdc496d17,https://iq.linkedin.com/jobs/view/channel-marketing-specialist-at-acme-services-4440989443,Channel Marketing Specialist,,scraped,2026-07-17T09:36:06.958914,
4d1618fea32e1f61,https://iq.linkedin.com/jobs/view/economic-empowerment-officer-sc8-baghdad-iraq-at-world-food-programme-4441626042,"Economic Empowerment Officer - SC8 - Baghdad, Iraq",,scraped,2026-07-17T09:36:16.017075,
98e4dde017213284,https://iq.linkedin.com/jobs/view/program-property-manager-at-amentum-4441418593,Program Property Manager,Amentum,posted,2026-07-17T09:36:31.637663,401
5f58dce556bb1ec8,https://iq.linkedin.com/jobs/view/field-sales-executive-kirkuk-at-coca-cola-cci-4437213588,Field Sales Executive -Kirkuk,Coca-Cola İçecek,posted,2026-07-17T09:37:23.778583,403
12fb0d9c3a039a98,https://iq.linkedin.com/jobs/view/reservoir-engineering-advisor-at-halliburton-4440212364,Reservoir Engineering Advisor,Halliburton,posted,2026-07-17T09:37:32.736055,405
53d6b4d59ed1460d,https://iq.linkedin.com/jobs/view/subsurface-technical-manager-at-halliburton-4440204684,Subsurface Technical Manager,Halliburton,posted,2026-07-17T09:37:41.363862,407
546e148d2425e6f2,https://iq.linkedin.com/jobs/view/reservoir-engineering-advisor-at-halliburton-4440666456,Reservoir Engineering Advisor,Halliburton,posted,2026-07-17T09:37:46.282445,405
8738fc0100c2623c,https://iq.linkedin.com/jobs/view/reservoir-engineering-advisor-at-halliburton-4440214329,Reservoir Engineering Advisor,Halliburton,scraped,2026-07-17T09:37:50.374472,
8005fb6523dd15f5,https://iq.linkedin.com/jobs/view/cmt-executive-at-aramex-4440993700,CMT Executive,Aramex,posted,2026-07-17T09:38:05.909792,409
7240a57a70f65e98,https://iq.linkedin.com/jobs/view/area-sales-executive-at-aramex-4440970322,Area Sales Executive,Aramex,posted,2026-07-17T09:38:18.815125,411
ebeddc4936ed04dc,https://iq.linkedin.com/jobs/view/aml-cft-outward-remittances-senior-officer-at-region-trade-bank-4438478439,AML/CFT Outward Remittances Senior Officer,,scraped,2026-07-17T09:38:23.343097,
fb2746e5ad9fbfd4,https://iq.linkedin.com/jobs/view/lead-process-engineer-at-kbr-inc-4441455813,Lead Process Engineer,"KBR, Inc.",posted,2026-07-17T09:38:37.369209,413
0c9e70951f74d2fd,https://iq.linkedin.com/jobs/view/asset-operations-manager-at-halliburton-4440204685,Asset Operations Manager,Halliburton,posted,2026-07-17T09:38:46.135957,415
f0a99db6cffa7f36,https://iq.linkedin.com/jobs/view/senior-network-engineer-at-objectway-4439833548,Senior Network Engineer,,scraped,2026-07-17T09:38:54.463948,
7080911326699f3a,https://iq.linkedin.com/jobs/view/programme-policy-officer-shock-responsive-and-adaptive-social-protection-srasp-sc8-baghdad-iraq-at-world-food-programme-4441609786,"Programme Policy Officer - Shock Responsive and Adaptive Social Protection (SRASP) - SC8 - Baghdad, Iraq",,scraped,2026-07-17T09:39:02.479627,
0e513159580cf8d7,https://iq.linkedin.com/jobs/view/project-manager-at-elite-talent-4440963241,Project Manager,,scraped,2026-07-17T09:39:10.415267,
4465578c66b2c298,https://iq.linkedin.com/jobs/view/electrical-engineer-inspector-at-elite-talent-4440958431,Electrical Engineer Inspector,,scraped,2026-07-17T09:39:16.848472,
eabce528e0b438a4,https://iq.linkedin.com/jobs/view/business-analyst-at-objectway-4439842387,BUSINESS ANALYST,,scraped,2026-07-17T09:39:22.969320,
b2c94b2ee8efb03a,https://iq.linkedin.com/jobs/view/front-desk-agent-at-m%C3%B6venpick-hotels-resorts-4440756126,Front Desk Agent,,scraped,2026-07-17T09:39:31.768015,
f78e00f56902e45c,https://iq.linkedin.com/jobs/view/education-officer-no-2-fixed-term-position-%2300129838-basrah-iraq-open-to-iraqi-national-only-at-unicef-4440587675,"Education Officer, NO-2, Fixed Term Position, #00129838, Basrah, Iraq, (Open to Iraqi National only)",اليونيسف,posted,2026-07-19T09:28:34.751532,417
b907680a63db84a9,https://iq.linkedin.com/jobs/view/front-desk-agent-at-m%C3%B6venpick-hotels-resorts-4441306202,Front Desk Agent,,scraped,2026-07-19T09:28:41.389448,
64e6183d957f0ded,https://iq.linkedin.com/jobs/view/front-desk-agent-at-m%C3%B6venpick-hotels-resorts-4441191782,Front Desk Agent,,scraped,2026-07-19T09:28:49.811214,
999f60692bbbff49,https://iq.linkedin.com/jobs/view/elite-relationship-manager-at-arab-bank-iraq-4438497220,Elite Relationship Manager,Arab Bank Iraq,posted,2026-07-19T09:29:03.051941,381
3ffd2ec626d0126a,https://iq.linkedin.com/jobs/view/country-manager-at-sama-x-4438066693,Country Manager,,scraped,2026-07-19T09:29:09.693952,
a2be82d17b38322f,https://iq.linkedin.com/jobs/view/kapcsolat-at-medicalbeauty-hu-4441731961,Kapcsolat,Medicalbeauty.hu,posted,2026-07-19T09:29:21.568959,269
f78cbb2fd6f40f05,https://iq.linkedin.com/jobs/view/punch-list-coordinator-at-wood-4442453170,Punch List Coordinator,Wood,posted,2026-07-19T09:29:47.872373,419
f67a707512ff129c,https://iq.linkedin.com/jobs/view/registration-manager-at-eastchem-co-ltd-4440386196,Registration Manager,,scraped,2026-07-19T09:29:52.603198,
0fac8a3563440c07,https://iq.linkedin.com/jobs/view/surface-facilities-project-manager-at-halliburton-4439999894,Surface Facilities Project Manager,Halliburton,posted,2026-07-19T09:30:09.639112,421
08d4b298d32615d3,https://iq.linkedin.com/jobs/view/senior-sales-representative-at-farage-printing-industries-4439608174,Senior Sales Representative,Farage Printing Industries,posted,2026-07-19T09:30:23.046421,423
e99223615b69d4f5,https://iq.linkedin.com/jobs/view/subsurface-technical-manager-at-mypetrocareer-com-4438745916,Subsurface Technical Manager,,scraped,2026-07-19T09:30:25.609288,
adfe1aac3aa7344b,https://iq.linkedin.com/jobs/view/freight-operations-manager-at-aramex-4438471606,Freight Operations Manager,Aramex,posted,2026-07-19T09:30:41.527078,425
e06b8ee407e8e4ba,https://iq.linkedin.com/jobs/view/marketing-manager-at-nabd-al-khaleej-properties-%D9%86%D8%A8%D8%B6-%D8%A7%D9%84%D8%AE%D9%84%D9%8A%D8%AC-%D8%A7%D9%84%D8%B9%D9%82%D8%A7%D8%B1%D9%8A%D8%A9-4437675652,Marketing Manager,,scraped,2026-07-19T09:30:44.227173,
b8d79a1cf168be9c,https://iq.linkedin.com/jobs/view/real-estate-consultant-at-reach-world-4437216350,Real Estate Consultant,Reach World,posted,2026-07-19T09:30:57.947213,427
f823434fbf6fd6c8,https://iq.linkedin.com/jobs/view/hvac-specialist-onsite-at-kbr-inc-4441236071,HVAC Specialist-Onsite,"KBR, Inc.",posted,2026-07-19T09:31:07.324193,429
90107f16c86cea7a,https://iq.linkedin.com/jobs/view/certified-welding-inspector-at-mantech-4382537674,Certified Welding Inspector,MANTECH,posted,2026-07-19T09:31:23.220839,431
188d74fb86d35dd7,https://iq.linkedin.com/jobs/view/sr-accountant-at-avesta-company-4437255721,Sr. Accountant,,scraped,2026-07-19T09:31:25.585354,
1981ed3cea21e919,https://iq.linkedin.com/jobs/view/customer-service-executive-at-aramex-4440955968,Customer Service Executive,Aramex,posted,2026-07-19T09:31:42.782675,433
bde424948cc6d391,https://iq.linkedin.com/jobs/view/%D9%85%D8%AD%D8%A7%D8%B3%D8%A8-%D8%B9%D9%85%D9%84%D8%A7%D8%A1-at-contact-uae-4439697388,محاسب عملاء,,scraped,2026-07-21T10:36:04.538389,
1f9b56126935384e,https://iq.linkedin.com/jobs/view/%D9%85%D9%88%D8%B8%D9%81-%D9%85%D8%A8%D9%8A%D8%B9%D8%A7%D8%AA-%D8%A7%D9%84%D9%85%D9%88%D8%B5%D9%84-at-baly-4440161668,موظف مبيعات - الموصل,,scraped,2026-07-21T10:36:14.974260,
d062e82928a4f099,https://iq.linkedin.com/jobs/view/%D9%85%D9%88%D8%B8%D9%81-%D9%85%D8%A8%D9%8A%D8%B9%D8%A7%D8%AA-%D8%A7%D9%84%D9%86%D8%AC%D9%81-at-baly-4440172499,موظف مبيعات - النجف,,scraped,2026-07-21T10:36:21.868623,
d17944a9ca97a994,https://iq.linkedin.com/jobs/view/%D9%85%D9%88%D8%B8%D9%81-%D9%85%D8%A8%D9%8A%D8%B9%D8%A7%D8%AA-%D8%A7%D8%B1%D8%A8%D9%8A%D9%84-at-baly-4440155878,موظف مبيعات - اربيل,,scraped,2026-07-21T10:36:30.841276,
dc621935e637085c,https://iq.linkedin.com/jobs/view/%D9%85%D9%88%D8%B8%D9%81-%D9%85%D8%A8%D9%8A%D8%B9%D8%A7%D8%AA-%D9%83%D8%B1%D9%83%D9%88%D9%83-at-baly-4440154953,موظف مبيعات - كركوك,,scraped,2026-07-21T10:36:39.784060,
df7c74bd76abe965,https://iq.linkedin.com/jobs/view/legal-administrative-officer-at-baly-4440432689,Legal Administrative Officer,,scraped,2026-07-21T10:37:50.432401,
6b8a553684509a9a,https://iq.linkedin.com/jobs/view/admin-and-coordinator-at-moashirat-al-ada-a-%D9%85%D8%A4%D8%B4%D8%B1%D8%A7%D8%AA-%D8%A7%D9%84%D8%A7%D8%AF%D8%A7%D8%A1-4441979538,Admin and coordinator,,scraped,2026-07-21T10:37:57.378618,
80563d1c0f1688cc,https://iq.linkedin.com/jobs/view/accounting-officer-at-baly-4440130924,Accounting Officer,,scraped,2026-07-21T10:38:06.370320,
92fcd91d5482f12a,https://iq.linkedin.com/jobs/view/production-supervisor-at-mypetrocareer-com-4438747994,Production Supervisor,,scraped,2026-07-21T10:38:15.645860,
bc265edd9992b505,https://iq.linkedin.com/jobs/view/logistics-manager-at-confidential-4440443264,Logistics Manager,Confidential,posted,2026-07-21T10:38:33.130121,435
5d0115205a0085d4,https://iq.linkedin.com/jobs/view/junior-data-scientist-at-dhired-com-4442605443,Junior Data Scientist,,scraped,2026-07-21T10:38:35.785271,
0e3528efe264b91e,https://iq.linkedin.com/jobs/view/%D9%85%D9%88%D8%B8%D9%81-%D9%85%D8%A8%D9%8A%D8%B9%D8%A7%D8%AA-%D8%A7%D9%84%D8%B9%D9%85%D8%A7%D8%B1%D8%A9-at-baly-4440157749,موظف مبيعات - العمارة,,scraped,2026-07-21T10:38:42.044095,
f61ada8a2a199af1,https://iq.linkedin.com/jobs/view/production-technologist-at-halliburton-4440204682,Production Technologist,Halliburton,posted,2026-07-21T10:38:56.928837,437
3e7bd01d41506549,https://iq.linkedin.com/jobs/view/hvac-supervisor-at-m%C3%B6venpick-hotels-resorts-4442288885,HVAC Supervisor,,scraped,2026-07-21T10:38:59.500059,
fcce5f3ef4d89248,https://iq.linkedin.com/jobs/view/construction-manager-at-iss-international-spa-4441191678,Construction Manager,,scraped,2026-07-21T10:39:08.275842,
2f003432f2c43ab9,https://iq.linkedin.com/jobs/view/commercial-manager-iraq-at-abdi-ibrahim-pharmaceuticals-4440147244,Commercial Manager - Iraq,,scraped,2026-07-21T10:39:17.094015,
4ab8e0884bdd3199,https://iq.linkedin.com/jobs/view/waiter-waitress-at-erbil-rotana-4420736639,Waiter / Waitress,,scraped,2026-07-21T10:39:26.417978,
95efb0c77c714d6d,https://iq.linkedin.com/jobs/view/sales-manager-at-wanhua-chemical-group-4418875088,Sales Manager,,scraped,2026-07-21T10:39:33.388582,
da9f571427c8d411,https://iq.linkedin.com/jobs/view/planning-control-analyst-at-halliburton-4440634848,Planning & Control Analyst,Halliburton,posted,2026-07-21T10:39:50.021847,439
23f27d27076e0782,https://iq.linkedin.com/jobs/view/recruitment-officer-at-mem-holding-4439672386,Recruitment Officer,MEM Holding,posted,2026-07-21T10:40:02.494574,441
c7e6e6ff14d8dace,https://iq.linkedin.com/jobs/view/reservations-agent-at-erbil-rotana-4420716287,Reservations Agent,,scraped,2026-07-21T10:40:05.357570,
d0379e6754f9f115,https://iq.linkedin.com/jobs/view/data-center-engineer-at-qicard-4442441542,Data Center Engineer,,scraped,2026-07-21T10:40:12.189208,
565d0ac85a223cbc,https://iq.linkedin.com/jobs/view/production-supervisor-at-halliburton-4440217309,Production Supervisor,Halliburton,posted,2026-07-21T10:40:25.756126,443
2da90b593da241f5,https://iq.linkedin.com/jobs/view/quality-engineer-at-united-arab-company-for-food-industries-4440426138,Quality Engineer,United Arab Company for Food Industries,posted,2026-07-21T10:40:38.739138,445
f2333a324f84710c,https://iq.linkedin.com/jobs/view/sales-manager-industrial-pumps-at-al-sweer-international-4437671499,"Sales Manager, Industrial Pumps",Al Sweer International,posted,2026-07-21T10:40:52.717138,447
87ec15a2fc2b11de,https://iq.linkedin.com/jobs/view/planning-control-analyst-at-halliburton-4440212365,Planning & Control Analyst,Halliburton,posted,2026-07-21T10:40:57.619066,439
a7649e1b110296c0,https://iq.linkedin.com/jobs/view/sales-executive-at-assets-group-4442518749,Sales Executive,,scraped,2026-07-21T10:41:00.209048,
a478d42bc6755c96,https://iq.linkedin.com/jobs/view/promoter-acquisition-analyst-at-baly-4439686007,Promoter Acquisition Analyst,,scraped,2026-07-21T10:41:07.016461,
32bd7b6b5530a655,https://iq.linkedin.com/jobs/view/talent-acquisition-specialist-at-tire-mall-%D8%A7%D9%84%D8%AF%D9%8A%D8%A7%D8%B1-%D8%A7%D9%84%D8%AE%D8%B6%D8%B1%D8%A7%D8%A1-4440167890,Talent Acquisition Specialist,,scraped,2026-07-21T10:41:14.907528,
3bf3d9e97a560522,https://iq.linkedin.com/jobs/view/production-supervisor-at-halliburton-4440660492,Production Supervisor,Halliburton,posted,2026-07-21T10:41:30.847268,443
b20163bc74bd09b5,https://iq.linkedin.com/jobs/view/junior-research-analyst-at-in2-4439221292,Junior Research Analyst,,scraped,2026-07-21T10:41:35.836204,
f3a5c16a073e9dd7,https://iq.linkedin.com/jobs/view/e-i-engineer-at-kbr-inc-4440546129,E&I Engineer,"KBR, Inc.",posted,2026-07-21T10:41:49.918365,449
a4a674f84f317e3f,https://iq.linkedin.com/jobs/view/liaison-and-operations-control-officer-at-national-bank-of-iraq-4442077817,Liaison and Operations Control Officer,National Bank of Iraq,posted,2026-07-21T10:42:02.849659,451
0928b3760bd868f4,https://iq.linkedin.com/jobs/view/videographer-at-al-anfas-real-estate-investments-limited-company-4438717822,Videographer,,scraped,2026-07-21T10:42:05.590142,
6109d4308bfd6a57,https://iq.linkedin.com/jobs/view/construction-manager-at-basrah-mas-company-oil-gas-4439231012,Construction Manager,,scraped,2026-07-21T10:42:13.953039,
3ac4e0b87bda8bfd,https://iq.linkedin.com/jobs/view/business-unit-manager-supplement-line-biotonics-truvit-at-alnimaa-scientific-bureau-4440106815,Business Unit Manager/ Supplement Line (  Biotonics/ Truvit ),,scraped,2026-07-21T10:42:20.306825,
b1b9deead288c965,https://iq.linkedin.com/jobs/view/cards-product-development-senior-associate-at-national-bank-of-iraq-4440754673,Cards Product Development Senior Associate,National Bank of Iraq,posted,2026-07-21T10:42:38.468507,453
c0d4f01544b62df4,https://iq.linkedin.com/jobs/view/information-technology-help-desk-support-at-mayorca-co-4440433961,Information Technology Help Desk Support,,scraped,2026-07-21T10:42:40.910586,
26d1dbbc456c2bf6,https://iq.linkedin.com/jobs/view/head-of-commercial-at-mindfield-resources-4439229257,Head of Commercial,,scraped,2026-07-21T10:42:50.727498,
56299b51247ca3c9,https://iq.linkedin.com/jobs/view/information-technology-infrastructure-engineer-at-huawei-4442575544,Information Technology Infrastructure Engineer,,scraped,2026-07-21T10:43:03.521477,
dd38634bdaba1adb,https://iq.linkedin.com/jobs/view/customer-relationship-management-specialist-at-original-chicken-iq-4440193404,Customer Relationship Management Specialist,Original Chicken IQ,posted,2026-07-21T10:43:17.498100,455
53a3174bdbc6611e,https://iq.linkedin.com/jobs/view/associate-director-of-brand-communication-at-american-university-of-iraq-baghdad-4413885315,Associate Director of Brand & Communication,الجامعة الأمريكية في بغداد AUIB,posted,2026-07-21T10:43:29.626113,457
a575edf4e149ff02,https://iq.linkedin.com/jobs/view/rfp-irq-co-26-002-solar-panel-curriculum-update-consultancy-at-reliefweb-4441230171,RFP-IRQ-CO-26-002- Solar Panel Curriculum Update Consultancy,ReliefWeb,posted,2026-07-21T10:43:39.000667,459
3769088387c5c21b,https://iq.linkedin.com/jobs/view/bilingual-content-editor-ai-trainer-at-dataannotation-4344932964,Bilingual Content Editor - AI Trainer,DataAnnotation,posted,2026-07-21T10:43:47.823726,461
4908db1095027846,https://iq.linkedin.com/jobs/view/boya-ve-kli%C5%9Fe-sorumlusu-4440185486,Boya ve klişe  sorumlusu,Mep Ambalaj Dış Ticaret A.Ş.,posted,2026-07-21T10:44:01.797412,463
86e633a9d2afca67,https://iq.linkedin.com/jobs/view/executive-pastry-chef-at-m%C3%B6venpick-hotels-resorts-4441199688,Executive Pastry Chef,,scraped,2026-07-21T10:44:16.668711,
252ac98d4223280a,https://iq.linkedin.com/jobs/view/provision-of-professional-medical-insurance-group-personal-accident-insurance-services-seed%E2%80%99s-staff-at-reliefweb-4440593475,Provision of Professional Medical Insurance & Group Personal Accident Insurance Services - SEED’s Staff,ReliefWeb,posted,2026-07-21T10:44:32.704432,465
6d71360358b763bc,https://iq.linkedin.com/jobs/view/subsurface-technical-manager-at-halliburton-4440200837,Subsurface Technical Manager,Halliburton,posted,2026-07-21T10:44:37.520489,407
afb8f6393fc243f4,https://iq.linkedin.com/jobs/view/reservoir-engineering-advisor-at-halliburton-4440213365,Reservoir Engineering Advisor,Halliburton,posted,2026-07-21T10:44:42.245287,405
62cc75c3e7184ed6,https://iq.linkedin.com/jobs/view/subsurface-technical-manager-at-halliburton-4440670111,Subsurface Technical Manager,Halliburton,posted,2026-07-21T10:44:49.138220,407
feaa85f3c50a048c,https://iq.linkedin.com/jobs/view/electrician-airfield-lighting-balad-ocn-at-versar-global-solutions-4424627055,Electrician (Airfield Lighting) - Balad (OCN),Versar Global Solutions,posted,2026-07-21T10:44:58.273855,467
9d700727c216f465,https://iq.linkedin.com/jobs/view/petrophysics-advisor-at-halliburton-4440651853,Petrophysics Advisor,Halliburton,posted,2026-07-21T10:45:03.209163,373
94d336551667c1ce,https://iq.linkedin.com/jobs/view/construction-lead-marine-works-at-wood-4365451760,Construction Lead (Marine Works),Wood,posted,2026-07-21T10:45:17.947796,469
3cfa856c2b53fa1d,https://iq.linkedin.com/jobs/view/airfield-lighting-technician-balad-ocn-at-versar-global-solutions-4424624111,Airfield Lighting Technician - Balad (OCN),Versar Global Solutions,posted,2026-07-21T10:45:27.036660,471
16f6184849ad54ea,https://iq.linkedin.com/jobs/view/electronics-technician-balad-usn-at-versar-global-solutions-4424613936,Electronics Technician - Balad (USN),Versar Global Solutions,posted,2026-07-21T10:45:38.347738,473
d9656db998c669d1,https://iq.linkedin.com/jobs/view/beauty-suction-4438418107,Beauty suction,American basket market,posted,2026-07-21T10:45:46.516312,475
55241206e17d7aee,https://iq.linkedin.com/jobs/view/programme-policy-officer-school-feeding-international-cst-ii-wae-at-world-food-programme-4441471029,Programme Policy Officer School Feeding - International CST II - WAE,,scraped,2026-07-21T10:45:51.229320,
f5908c4bfd6ef3af,https://iq.linkedin.com/jobs/view/quality-control-professional-balad-usn-at-versar-global-solutions-4424633051,Quality Control Professional - Balad (USN),Versar Global Solutions,posted,2026-07-21T10:46:05.996538,477
349c105e16ae7745,https://iq.linkedin.com/jobs/view/security-assistance-mentor-and-cultural-advisor-mod-at-versar-global-solutions-4440244462,Security Assistance Mentor and Cultural Advisor (MoD),Versar Global Solutions,posted,2026-07-21T10:46:15.930801,479
ed487de7df5bda40,https://iq.linkedin.com/jobs/view/communications-technician-balad-usn-at-versar-global-solutions-4424633050,Communications Technician - Balad (USN),Versar Global Solutions,posted,2026-07-21T10:46:24.846933,481
e3664b13af5a1a47,https://iq.linkedin.com/jobs/view/%D8%B3%D9%8A-%D8%A7%D9%85-%D8%B3%D9%8A-at-%D9%85%D9%88%D8%A8%D8%A7%D9%8A%D9%84%D8%A7%D8%AA-%D9%84%D9%84%D8%A8%D9%8A%D8%B9-%D9%81%D9%8A-%D9%85%D8%B5%D8%B1-4444273058,سي ام سي,موبايلات-للبيع-في-مصر,posted,2026-07-23T10:37:38.893284,483
d7512f756470e9e8,https://iq.linkedin.com/jobs/view/furniture-installer-at-blockhouse-co-4443106624,Furniture Installer,Blockhouse Co,posted,2026-07-23T10:37:48.556083,485
281e369bf4484eab,https://iq.linkedin.com/jobs/view/driver-at-sardar-group-4443527967,Driver,,scraped,2026-07-23T10:37:51.016733,
1e714539d6eb0e95,https://iq.linkedin.com/jobs/view/%D8%A7%D9%85-%D8%AC%D9%8A-at-%D9%85%D9%88%D8%A8%D8%A7%D9%8A%D9%84%D8%A7%D8%AA-%D9%84%D9%84%D8%A8%D9%8A%D8%B9-%D9%81%D9%8A-%D9%85%D8%B5%D8%B1-4444263477,ام جي,موبايلات-للبيع-في-مصر,posted,2026-07-23T10:38:04.926887,487
5acea6d3bd3f4149,https://iq.linkedin.com/jobs/view/receiving-agent-at-slemani-rotana-4434976638,Receiving Agent,Slemani Rotana,posted,2026-07-23T10:38:14.138802,489
e97b5c90a5abc0ec,https://iq.linkedin.com/jobs/view/site-scheduler-at-wood-4442575983,Site Scheduler,Wood,posted,2026-07-23T10:38:27.456509,491
37fc18b8ecfeb400,https://iq.linkedin.com/jobs/view/procurement-specialist-at-vuca-brothers-group-4443738868,Procurement Specialist,Vuca Brothers Group,posted,2026-07-23T10:38:37.216285,493
3b4606855c0ec845,https://iq.linkedin.com/jobs/view/cost-controller-at-erbil-rotana-4441055613,Cost Controller,,scraped,2026-07-23T10:38:39.817853,
83d03bad975d4f52,https://iq.linkedin.com/jobs/view/driver-light-vehicles-800434-at-international-committee-of-the-red-cross-icrc-4443493878,Driver Light vehicles (800434),,scraped,2026-07-23T10:38:46.401206,
b41b372d11120448,https://iq.linkedin.com/jobs/view/contracts-associate-at-national-bank-of-iraq-4442091318,Contracts Associate,National Bank of Iraq,posted,2026-07-23T10:39:09.226739,495
d7cdc2420768d5c2,https://iq.linkedin.com/jobs/view/human-resources-officer-at-region-trade-bank-4443787320,Human Resources Officer,,scraped,2026-07-23T10:39:11.756977,
7e4a46d5898b0cc9,https://iq.linkedin.com/jobs/view/sr-dealer-treasury-sales-iraq-at-bank-of-jordan-4442595567,Sr. Dealer/ Treasury Sales- Iraq,,scraped,2026-07-23T10:39:19.076852,
5b11fe8e0ff1ef21,https://iq.linkedin.com/jobs/view/qc-engineer-at-lafarge-iraq-4339364553,QC Engineer,,scraped,2026-07-23T10:39:26.776708,
86430754eccca272,https://iq.linkedin.com/jobs/view/logistics-supply-chain-coordinator-at-dma-group-4441011524,Logistics & Supply Chain Coordinator,,scraped,2026-07-23T10:39:34.035014,
138c956ac32cdb51,https://iq.linkedin.com/jobs/view/administration-officer-field-operations-at-baly-4439675657,Administration Officer (Field Operations),,scraped,2026-07-23T10:39:42.474749,
e6180b2d03bb3cd6,https://iq.linkedin.com/jobs/view/marketing-executive-at-m%C3%B6venpick-hotels-resorts-4443135906,Marketing Executive,,scraped,2026-07-23T10:39:49.631439,
1b09c05ff197658c,https://iq.linkedin.com/jobs/view/event-coordinator-at-american-university-of-iraq-baghdad-4442024679,Event Coordinator,الجامعة الأمريكية في بغداد AUIB,posted,2026-07-23T10:40:08.055546,497
59c670217b9b402e,https://iq.linkedin.com/jobs/view/va26p150v01-junior-project-officer-lp1-at-icmpd-t%C3%BCrkiye-temsilcili%C4%9Fi-4441090542,VA26P150V01 - Junior Project Officer - LP1,,scraped,2026-07-23T10:40:10.628469,
bcc1f4daffb486e3,https://iq.linkedin.com/jobs/view/%D8%B4%D9%82%D9%82-%D8%B1%D9%8A%D8%A7-%D8%A7%D9%84%D9%86%D8%AE%D9%8A%D9%84-%E2%80%93-%D8%AD%D9%8A-%D8%A7%D9%84%D9%86%D8%AE%D9%8A%D9%84-%D8%A7%D9%84%D8%B1%D9%8A%D8%A7%D8%B6-at-fana-ltd-4441057504,شقق ريا النخيل – حي النخيل ( الرياض),,scraped,2026-07-23T10:40:20.148234,
5613a415b1e91bcf,https://iq.linkedin.com/jobs/view/data-intelligence-at-ruyat-technologies-4440441067,Data Intelligence,Ruyat Technologies,posted,2026-07-23T10:40:35.435877,499
ecfdc5517a02764c,https://iq.linkedin.com/jobs/view/treasury-accountant-at-al-bunat-architects-4347511476,Treasury Accountant,Al-Bunat Architects,posted,2026-07-23T10:40:47.679387,501
9530172f83f03953,https://iq.linkedin.com/jobs/view/faculty-position-%E2%80%93-oral-and-maxillofacial-surgery-multiple-ranks-at-american-university-of-iraq-baghdad-4394421535,Faculty Position – Oral and Maxillofacial Surgery (Multiple Ranks),الجامعة الأمريكية في بغداد AUIB,posted,2026-07-23T10:40:58.796296,503
51af7edae0a0c7f5,https://iq.linkedin.com/jobs/view/education-officer-governance-access-and-learning-at-reliefweb-4443961868,"Education Officer, (Governance, Access, and Learning)",ReliefWeb,posted,2026-07-23T10:41:07.627279,505
0affd3afc2d94507,https://iq.linkedin.com/jobs/view/product-brand-manager-at-dma-group-4441005646,Product / Brand Manager,,scraped,2026-07-23T10:41:12.261849,
2cb38b698f3d46e3,https://iq.linkedin.com/jobs/view/pressing-attendant-at-erbil-rotana-4431010086,Pressing Attendant,,scraped,2026-07-23T10:41:18.411231,
bbb2d7e9ced1c123,https://iq.linkedin.com/jobs/view/full-time-kurdistan-region-of-iraq-ministry-of-peshmerga-affairs-mopa-advisor-fluent-kurdish-speaker-u-s-citizen-secret-security-clearance-at-hoplite-group-4441908659,(Full-Time): Kurdistan Region of Iraq - Ministry of Peshmerga Affairs (MoPA) Advisor - Fluent Kurdish Speaker - U.S. Citizen/Secret Security Clearance,Hoplite Group,posted,2026-07-23T10:41:31.796711,507
725367fe221fc629,https://iq.linkedin.com/jobs/view/junior-accountant-at-elite-talent-4442512761,Junior Accountant,,scraped,2026-07-23T10:41:34.367524,
f25851b56c9df7e0,https://iq.linkedin.com/jobs/view/board-secretary-at-hiwa-rauf-for-investment-and-development-4441066237,Board Secretary,,scraped,2026-07-23T10:41:40.693240,
03c9a3643df00764,https://iq.linkedin.com/jobs/view/product-manager-at-hikma-pharmaceuticals-4438718690,Product Manager,,scraped,2026-07-23T10:41:46.953797,
f5e46b353fe894d4,https://iq.linkedin.com/jobs/view/%D8%B4%D9%82%D9%82-%D8%B3%D8%AF%D9%8A%D9%85-%D8%AA%D8%A7%D9%88%D9%86-%E2%80%93-%D8%AD%D9%8A-%D8%A7%D9%84%D8%B5%D9%81%D8%A7-%D8%A7%D9%84%D8%B1%D9%8A%D8%A7%D8%B6-at-fana-ltd-4441059407,شقق سديم تاون – حي الصفا (الرياض),,scraped,2026-07-23T10:41:53.645094,
48d8dc84a8380b07,https://iq.linkedin.com/jobs/view/valves-business-deployment-manager-at-alsalhaj-company-4443765317,Valves Business Deployment Manager,,scraped,2026-07-23T10:42:00.473884,
aaf2d81a3bae1ce2,https://iq.linkedin.com/jobs/view/service-operations-manager-at-atlas-copco-4425264659,Service Operations Manager,,scraped,2026-07-23T10:42:08.393276,
1d7a763f1e888bb6,https://iq.linkedin.com/jobs/view/qhsse-manager-at-t-all-inspection-4443088290,QHSSE Manager,T-ALL Inspection,posted,2026-07-23T10:44:09.210162,509
e6c2600b5f471189,https://iq.linkedin.com/jobs/view/technical-manager-at-halliburton-4440735726,Technical Manager,Halliburton,posted,2026-07-23T10:44:17.779580,511
fe385875552d36bf,https://iq.linkedin.com/jobs/view/senior-product-manager-ophthalmology-at-jamjoom-pharma-4443188431,Senior Product Manager - Ophthalmology,,scraped,2026-07-23T10:44:22.388397,
30eea354349dad6e,https://iq.linkedin.com/jobs/view/internships-in-software-ai-banking-technology-at-ht-consulting-asia-sdn-bhd-4442922273,"Internships in Software, AI & Banking Technology",,scraped,2026-07-23T10:44:33.188938,
88b40390bdb22cbc,https://iq.linkedin.com/jobs/view/technician-at-geely-auto-iraq-bajger-co-4441022670,Technician,,scraped,2026-07-23T10:44:40.418792,
dba3cc04b9f844f4,https://iq.linkedin.com/jobs/view/warehouse-associate-%E2%80%93-central-dc-erbil-at-mustawfy-group-4441060314,Warehouse Associate – Central DC (Erbil),Mustawfy Group,posted,2026-07-23T10:44:54.690577,513
e04ac4042a8164e5,https://iq.linkedin.com/jobs/view/faculty-position-%E2%80%93-endodontics-multiple-ranks-at-american-university-of-iraq-baghdad-4394404785,Faculty Position – Endodontics (Multiple Ranks),الجامعة الأمريكية في بغداد AUIB,posted,2026-07-23T10:45:06.387673,515
85be6ce04ec1cabd,https://iq.linkedin.com/jobs/view/human-resources-manager-at-amaya-lounge-iraq-4441090974,Human Resources Manager,AMAYA Lounge Iraq,posted,2026-07-23T10:45:17.810583,517
48cff745f6ddf672,https://iq.linkedin.com/jobs/view/junior-quality-engineer-%E2%80%93-banking-kiosk-backend-at-ht-consulting-asia-sdn-bhd-4442908805,Junior Quality Engineer – Banking Kiosk & Backend,,scraped,2026-07-23T10:45:20.314913,
0aae2caa49c8c16c,https://iq.linkedin.com/jobs/view/digital-content-coordinator-at-american-university-of-iraq-baghdad-4415688255,Digital Content Coordinator,الجامعة الأمريكية في بغداد AUIB,posted,2026-07-23T10:45:40.154590,519
9c827b1c43d262fa,https://iq.linkedin.com/jobs/view/protection-officer-at-world-vision-4443383664,Protection Officer,,scraped,2026-07-23T10:45:42.711263,
4f2a4cc9329bacb8,https://iq.linkedin.com/jobs/view/senior-cost-accounting-specialist-iraq-at-evyap-4439696859,Senior Cost Accounting Specialist - Iraq,,scraped,2026-07-23T10:45:49.359981,
7ae99dfc242bf2e6,https://iq.linkedin.com/jobs/view/partnerships-and-reporting-officer-sc8-baghdad-iraq-at-world-food-programme-4441449935,"Partnerships and Reporting Officer - SC8 - Baghdad, Iraq",,scraped,2026-07-23T10:45:56.751678,
be9ec86e5868a876,https://iq.linkedin.com/jobs/view/d%C3%A9veloppeur-java-react-at-capgemini-4442193051,Développeur Java / React,,scraped,2026-07-23T10:46:03.854748,
98eae8f901bf8801,https://iq.linkedin.com/jobs/view/production-solutions-commercial-operations-tender-manager-at-baker-hughes-4443389501,Production Solutions Commercial Operations Tender Manager,Baker Hughes,posted,2026-07-23T10:46:21.929359,521
8caff3082e797cc9,https://iq.linkedin.com/jobs/view/safeguarding-consultants-at-%D8%A8%D8%A7%D8%A8-%D8%A7%D9%84%D9%8A%D9%85%D9%86-%D9%88%D8%B8%D8%A7%D8%A6%D9%81-%D9%88%D9%81%D8%B1%D8%B5-%D9%84%D9%84%D9%8A%D9%85%D9%86%D9%8A%D9%8A%D9%86-4444281478,Safeguarding Consultants,باب اليمن: وظائف وفرص لليمنيين,posted,2026-07-23T10:46:31.990687,523
f8a43236b410d96d,https://iq.linkedin.com/jobs/view/k9-operations-supervisor-at-carecone-group-4441909815,K9 Operations Supervisor,,scraped,2026-07-23T10:46:34.409464,
bcef43ef6aa0380a,https://iq.linkedin.com/jobs/view/chief-child-survival-development-no-4-ft-%2300129782-baghdad-iraq-menar-open-to-iraqi-nationals-only-at-unicef-mk-4443402435,"Chief Child Survival & Development, NO-4, FT, #00129782, Baghdad, Iraq - MENAR (Open to Iraqi nationals only)",,scraped,2026-07-23T10:46:41.410280,
7beca5f62a2d4229,https://iq.linkedin.com/jobs/view/bilingual-customer-support-specialist-ai-trainer-at-dataannotation-4344962811,Bilingual Customer Support Specialist - AI Trainer,DataAnnotation,posted,2026-07-23T10:46:54.201454,525
bbc6d6be673a6025,https://iq.linkedin.com/jobs/view/painter-wood-at-erbil-rotana-4348952716,Painter - Wood,,scraped,2026-07-23T10:46:58.782233,
2d6d9330025a0089,https://iq.linkedin.com/jobs/view/bilingual-editor-ai-trainer-at-dataannotation-4344903213,Bilingual Editor - AI Trainer,DataAnnotation,posted,2026-07-23T10:47:11.406510,527
6fc7402bce9760cf,https://iq.linkedin.com/jobs/view/sales-manager-at-vuca-brothers-group-4443737922,Sales Manager,Vuca Brothers Group,posted,2026-07-23T10:47:20.375815,131
0910c7a65c6cac4a,https://iq.linkedin.com/jobs/view/crm-specialist-%E2%80%93-nasiriyah-at-newal-4444292542,CRM Specialist – Nasiriyah,,scraped,2026-07-23T10:47:22.963118,
c344ab08b265b82a,https://iq.linkedin.com/jobs/view/business-developer-manager-at-vuca-brothers-group-4443753536,Business Developer Manager,Vuca Brothers Group,posted,2026-07-23T10:47:36.839173,529
da0c5ea10a34f5e4,https://iq.linkedin.com/jobs/view/dental-medical-representative-4441026036,Dental Medical representative,Baghdad medical scientific bureau/ Top Liven,posted,2026-07-23T10:47:44.434079,531
78f6aabb5249f5e0,https://iq.linkedin.com/jobs/view/demi-chef-de-partie-at-erbil-arjaan-4355975004,Demi Chef de Partie,,scraped,2026-07-23T10:47:51.018153,
599b8c28efe6bcc4,https://iq.linkedin.com/jobs/view/electronics-technician-npp-at-amentum-4408556370,Electronics Technician (NPP),Amentum,posted,2026-07-23T10:48:04.605672,533
0437ee9550b9ec38,https://iq.linkedin.com/jobs/view/demi-chef-de-partie-at-erbil-rotana-4441065317,Demi Chef de Partie,,scraped,2026-07-23T10:48:09.163183,
5cb7fecd0b67a2f0,https://iq.linkedin.com/jobs/view/information-security-sr-expert-at-korek-telecom-4413602602,Information Security (Sr.) Expert,,scraped,2026-07-23T10:48:15.588644,
3e07d443955b5bb5,https://iq.linkedin.com/jobs/view/call-center-agent-kurdish-language-at-qicard-4443786557,Call Center Agent - Kurdish Language,,scraped,2026-07-23T10:48:22.279725,
9894edb6c5a719a0,https://iq.linkedin.com/jobs/view/assistant-recreation-manager-at-slemani-rotana-4440477766,Assistant Recreation Manager,Slemani Rotana,posted,2026-07-23T10:48:36.444461,535
5af08fe9e10c1bb0,https://iq.linkedin.com/jobs/view/%D9%85%D9%88%D8%B8%D9%81-%D9%85%D8%A8%D9%8A%D8%B9%D8%A7%D8%AA-%D8%A8%D8%BA%D8%AF%D8%A7%D8%AF-at-baly-4440151467,موظف مبيعات - بغداد,,scraped,2026-07-25T09:15:42.076519,
e17a65696f8532e2,https://iq.linkedin.com/jobs/view/future-opportunities-at-proeng-4442539210,FUTURE OPPORTUNITIES,,scraped,2026-07-25T09:15:49.001344,
16a2c00b4b0f0317,https://iq.linkedin.com/jobs/view/front-end-developer-at-dhired-com-4442600575,Front-end Developer,,scraped,2026-07-25T09:15:57.250430,
c35a750e72f69ecf,https://iq.linkedin.com/jobs/view/%D9%85%D9%88%D8%B8%D9%81-%D9%85%D8%A8%D9%8A%D8%B9%D8%A7%D8%AA-%D9%83%D8%B1%D8%A8%D9%84%D8%A7%D8%A1-at-baly-4440170327,موظف مبيعات - كربلاء,,scraped,2026-07-25T09:16:09.590357,
ce942460cbb6a3c9,https://iq.linkedin.com/jobs/view/information-technology-it-operation-officer-at-hiwa-rauf-for-investment-and-development-4441060553,Information Technology (IT) Operation Officer,,scraped,2026-07-25T09:16:22.272143,
3f6237aa920dc3e8,https://iq.linkedin.com/jobs/view/administrative-manager-at-confidential-careers-4442513747,Administrative Manager,,scraped,2026-07-25T09:16:30.625832,
e9486afa3932a00d,https://iq.linkedin.com/jobs/view/faculty-position-%E2%80%93-restorative-dentistry-and-prosthodontics-multiple-ranks-at-american-university-of-iraq-baghdad-4394404786,Faculty Position – Restorative Dentistry and Prosthodontics (Multiple Ranks),الجامعة الأمريكية في بغداد AUIB,posted,2026-07-25T09:16:48.819899,537
54aa9864f2b2d063,https://iq.linkedin.com/jobs/view/regional-operation-manager-%E2%80%93-south-iraq-at-baly-4439665899,Regional Operation Manager – South Iraq,,scraped,2026-07-25T09:16:51.418710,
82486fc28cbaeb95,https://iq.linkedin.com/jobs/view/aml-officer-%E2%80%93-k2-transacting-due-diligence-at-arab-bank-iraq-4444283145,AML Officer – K2 Transacting & Due Diligence,Arab Bank Iraq,posted,2026-07-25T09:17:11.975908,539
c667261de2a78cb6,https://iq.linkedin.com/jobs/view/logistics-coordinator-at-taqeef-4442519056,Logistics Coordinator,,scraped,2026-07-25T09:17:18.532055,
dfef9dcca39a5920,https://iq.linkedin.com/jobs/view/tell-me-job-prospects-of-a-radiology-tech%3F-at-something-awful-4441848324,"Tell me, job prospects of a Radiology Tech?",Something Awful,posted,2026-07-25T09:17:31.796184,541
1e1a0d4fc0969e41,https://iq.linkedin.com/jobs/view/firefighter-at-v2x-inc-4444003672,Firefighter,V2X Inc,posted,2026-07-25T09:17:42.382733,543
7e7afcbdbea3ea7a,https://iq.linkedin.com/jobs/view/airfield-operations-specialist-at-v2x-inc-4444001765,Airfield Operations Specialist,V2X Inc,posted,2026-07-25T09:17:54.291553,545
0decf88222df6be9,https://iq.linkedin.com/jobs/view/future-skills-und-die-jobs-von-morgen%21-at-mjndset-studien-und-karriereberatung-4444026493,Future skills und die Jobs von morgen!,,scraped,2026-07-25T09:17:58.925961,
ff2962b2f11a9f10,https://iq.linkedin.com/jobs/view/vex-iq-head-referee-at-the-next-gen-4441553310,VEX IQ Head Referee,,scraped,2026-07-25T09:18:10.288991,
8a2b0aa9cc7955ef,https://iq.linkedin.com/jobs/view/ptw-coordinator-expat-at-anton-4441583575,PTW Coordinator (Expat),Anton,posted,2026-07-25T09:18:31.697298,547
912505a9abb37e7f,https://iq.linkedin.com/jobs/view/senior-brand-manager-iraq-at-evyap-4386663117,Senior Brand Manager - Iraq,,scraped,2026-07-25T09:18:34.326867,
cf0e5256b20a54d3,https://iq.linkedin.com/jobs/view/content-writer-at-post-agency-4441522365,Content Writer,Post Agency,posted,2026-07-25T09:18:53.447006,549
0ec521feecef24ef,https://iq.linkedin.com/jobs/view/site-civil-lead-oil-gas-water-at-kbr-inc-4443532396,"Site Civil Lead -(Oil, Gas & Water)","KBR, Inc.",posted,2026-07-25T09:19:07.734192,551
a2de92205f9326e4,https://iq.linkedin.com/jobs/view/%D8%A3%D8%AE%D8%B5%D8%A7%D8%A6%D9%8A-%D8%A5%D8%B9%D9%84%D8%A7%D9%86%D8%A7%D8%AA-%D9%85%D8%AF%D9%81%D9%88%D8%B9%D8%A9-media-buyer-at-%D8%A8%D8%A7%D8%A8-%D8%A7%D9%84%D9%8A%D9%85%D9%86-%D9%88%D8%B8%D8%A7%D8%A6%D9%81-%D9%88%D9%81%D8%B1%D8%B5-%D9%84%D9%84%D9%8A%D9%85%D9%86%D9%8A%D9%8A%D9%86-4444720266,أخصائي إعلانات مدفوعة Media Buyer,باب اليمن: وظائف وفرص لليمنيين,posted,2026-07-25T09:19:17.815078,553
dbe80988fe144946,https://iq.linkedin.com/jobs/view/qa-qc-engineer-local-at-anton-4441813299,QA/QC Engineer (Local),Anton,posted,2026-07-25T09:19:36.205740,555
2ac7d89b6ac665b6,https://iq.linkedin.com/jobs/view/%D9%85%D9%86%D8%AF%D9%88%D8%A8-%D9%85%D8%A8%D9%8A%D8%B9%D8%A7%D8%AA-at-%D8%A8%D8%A7%D8%A8-%D8%A7%D9%84%D9%8A%D9%85%D9%86-%D9%88%D8%B8%D8%A7%D8%A6%D9%81-%D9%88%D9%81%D8%B1%D8%B5-%D9%84%D9%84%D9%8A%D9%85%D9%86%D9%8A%D9%8A%D9%86-4444292130,مندوب مبيعات,باب اليمن: وظائف وفرص لليمنيين,posted,2026-07-25T09:19:45.693079,557
ec74fd6df71ad88b,https://iq.linkedin.com/jobs/view/brand-coordinator-erbil-at-holdal-group-4443106035,Brand Coordinator - Erbil,,scraped,2026-07-25T09:19:48.360019,
d27cf11d1b3eda57,https://iq.linkedin.com/jobs/view/motion-graphics-designer-at-post-agency-4441515599,Motion Graphics Designer,Post Agency,posted,2026-07-25T09:20:04.821367,559
5edc05703dcaf296,https://iq.linkedin.com/jobs/view/esl-teacher-ai-trainer-at-dataannotation-4344982779,ESL Teacher - AI Trainer,DataAnnotation,posted,2026-07-25T09:20:14.361881,561
5ad6d9e06807744c,https://iq.linkedin.com/jobs/view/parcours-heldring-at-speelpracht-4443871143,Parcours heldring,Speelpracht,posted,2026-07-25T09:20:24.253680,563
6d5132c9a9e91048,https://iq.linkedin.com/jobs/view/project-manager-at-wood-4436195982,Project Manager,Wood,posted,2026-07-25T09:20:39.732065,565
ff9c891090fb4cda,https://iq.linkedin.com/jobs/view/chief-financial-officer-%E2%80%93-cfo-at-vuca-brothers-group-4443742709,Chief Financial Officer – CFO,Vuca Brothers Group,posted,2026-07-25T09:20:46.575271,133
608c3df9b4f38e79,https://iq.linkedin.com/jobs/view/team-associate-teammart-erbil-at-mustawfy-group-4441063136,Team Associate- TeamMart- Erbil,Mustawfy Group,posted,2026-07-25T09:20:56.593445,567
4fb34374f8bca5aa,https://iq.linkedin.com/jobs/view/data-center-engineer-at-qicard-4443750778,Data Center Engineer,,scraped,2026-07-25T09:20:59.211375,
452e70591dd7f27c,https://iq.linkedin.com/jobs/view/event-protocol-manager-at-american-university-of-iraq-baghdad-4442023739,Event & Protocol Manager,الجامعة الأمريكية في بغداد AUIB,posted,2026-07-25T09:21:17.498565,569
0dbc89bc73786469,https://iq.linkedin.com/jobs/view/petroleum-engineer-reservoir-at-kbr-inc-4444709093,Petroleum Engineer (Reservoir),"KBR, Inc.",posted,2026-07-25T09:21:27.298564,571
366b25d2654663dd,https://iq.linkedin.com/jobs/view/real-estate-sales-representative-at-innovation-group-4440450905,Real Estate Sales Representative,Innovation Group,posted,2026-07-25T09:21:38.539440,573
adf5a1d1695e7b92,https://iq.linkedin.com/jobs/view/esl-tutor-ai-trainer-at-dataannotation-4345012331,ESL Tutor - AI Trainer,DataAnnotation,posted,2026-07-25T09:21:46.990570,575
0c821494ba6b6dce,https://iq.linkedin.com/jobs/view/programme-coordinator-peace-recovery-solutions-division-prsd-coordination-unit-p-at-iom-un-migration-4443801969,"Programme Coordinator (Peace, Recovery & Solutions Division (PRSD) Coordination Unit) (P)",IOM - UN Migration,posted,2026-07-25T09:22:01.399383,577
652e48b241bfcc11,https://iq.linkedin.com/jobs/view/english-teacher-ai-trainer-at-dataannotation-4344813787,English Teacher - AI Trainer,DataAnnotation,posted,2026-07-25T09:22:12.368074,579
b69476fe104006f0,https://iq.linkedin.com/jobs/view/sales-specialist-at-zoomlion-middle-east-4442704937,Sales Specialist,,scraped,2026-07-25T09:22:14.909308,
41e0d7e67993c154,https://iq.linkedin.com/jobs/view/welded-constructions-4441069258,welded constructions,CTC.co,posted,2026-07-25T09:22:27.571046,581
95ff1c24340625f7,https://iq.linkedin.com/jobs/view/bilingual-virtual-assistant-ai-trainer-at-dataannotation-4344913222,Bilingual Virtual Assistant - AI Trainer,DataAnnotation,posted,2026-07-25T09:22:36.223635,583
91b59378d86d1db3,https://iq.linkedin.com/jobs/view/construction-superintendent-power-at-kbr-inc-4443900626,Construction Superintendent Power,"KBR, Inc.",posted,2026-07-25T09:22:47.990191,585
be240fa797273a4c,https://iq.linkedin.com/jobs/view/central-sterile-processing-inventory-coordinator-long-island-asc-at-hospital-for-special-surgery-4443942563,Central Sterile Processing Inventory Coordinator - Long Island ASC,Hospital for Special Surgery,posted,2026-07-25T09:22:57.743382,587
bc864ed0635d7e2d,https://iq.linkedin.com/jobs/view/production-solutions-commercial-operations-tender-manager-at-baker-hughes-4443388531,Production Solutions Commercial Operations Tender Manager,Baker Hughes,posted,2026-07-25T09:23:02.877701,521
d6ce80791ea95514,https://iq.linkedin.com/jobs/view/video-editor-at-post-script-media-productions-4441591840,Video Editor,Post Script Media Productions,posted,2026-07-25T09:23:11.828987,99
d37934cb26c24377,https://iq.linkedin.com/jobs/view/host-hostess-at-erbil-arjaan-4397077113,Host / Hostess,,scraped,2026-07-25T09:23:14.549722,
c3979b7c28cbdd4a,https://iq.linkedin.com/jobs/view/airfield-operations-specialist-at-v2x-inc-4444013576,Airfield Operations Specialist,V2X Inc,scraped,2026-07-25T09:23:22.621453,
dd9d631507244336,https://iq.linkedin.com/jobs/view/driver-at-sardar-group-4445313320,Driver,,scraped,2026-07-25T09:23:31.047265,
2d93ae42c9b4c58f,https://iq.linkedin.com/jobs/view/gis-coordinator-at-wood-4444402715,GIS Coordinator,Wood,posted,2026-07-25T09:23:51.825945,589
49368ac19d15403b,https://iq.linkedin.com/jobs/view/%D9%85%D8%B3%D8%A7%D8%B9%D8%AF-%D8%AA%D9%86%D9%81%D9%8A%D8%B0%D9%8A-at-%D8%A8%D8%A7%D8%A8-%D8%A7%D9%84%D9%8A%D9%85%D9%86-%D9%88%D8%B8%D8%A7%D8%A6%D9%81-%D9%88%D9%81%D8%B1%D8%B5-%D9%84%D9%84%D9%8A%D9%85%D9%86%D9%8A%D9%8A%D9%86-4445393520,مساعد تنفيذي,باب اليمن: وظائف وفرص لليمنيين,posted,2026-07-27T13:25:54.883413,591
d3c06ad96eb5d828,https://iq.linkedin.com/jobs/view/architect-at-petronas-carigali-sdn-bhd-4442831326,Architect,,scraped,2026-07-27T13:26:03.175975,
7e6d735b0f0d3095,https://iq.linkedin.com/jobs/view/financial-controller-at-m%C3%B6venpick-hotels-resorts-4443107255,Financial Controller,,scraped,2026-07-27T13:26:10.531766,
a23be01873fe571f,https://iq.linkedin.com/jobs/view/freight-forwarder-at-delterra-logistics-4441575978,Freight Forwarder,,scraped,2026-07-27T13:26:23.652035,
a7de1111dd5ea214,https://iq.linkedin.com/jobs/view/sales-engineer-electrical-mechanical-at-rak-factory-4438014309,Sales engineer ( Electrical / Mechanical ),,scraped,2026-07-27T13:26:31.081874,
512c8fa4f27fb8cf,https://iq.linkedin.com/jobs/view/controller-for-construction-company-at-worklatam-4444098729,Controller For Construction Company,workLATAM,posted,2026-07-27T13:26:44.860660,593
3c1c47e44b7e90a9,https://iq.linkedin.com/jobs/view/chief-accountant-at-erbil-rotana-4442359110,Chief Accountant,,scraped,2026-07-27T13:26:49.440770,
1711834e32fa012a,https://iq.linkedin.com/jobs/view/sales-specialist-at-omc-group-4440167189,Sales Specialist,,scraped,2026-07-27T13:26:58.291166,
6e4931ad52429822,https://iq.linkedin.com/jobs/view/sales-business-development-manager-at-banzab-co-4441890884,Sales & Business Development Manager,Banzab Co.,posted,2026-07-27T13:27:14.780710,595
7281731cb8ce72a1,https://iq.linkedin.com/jobs/view/va26p151v01-project-management-assistant-ls2-at-icmpd-t%C3%BCrkiye-temsilcili%C4%9Fi-4441093335,VA26P151V01 - Project Management Assistant - LS2,,scraped,2026-07-27T13:27:19.326027,
54a816ed2825a049,https://iq.linkedin.com/jobs/view/sales-manager-at-assets-group-4443342112,Sales Manager,,scraped,2026-07-27T13:27:31.023533,
697b19dba0c9ed82,https://iq.linkedin.com/jobs/view/general-accountant-at-iraq-mall-4442352712,General Accountant,Iraq Mall,posted,2026-07-27T13:27:44.633245,597
ad4f816ec2e0ef9c,https://iq.linkedin.com/jobs/view/operations-specialist-at-alhasani-home-center-4442300801,Operations Specialist,Alhasani Home Center,posted,2026-07-27T13:27:57.235289,599
8df9546b51fb8bcc,https://iq.linkedin.com/jobs/view/noc-engineer-at-ruyat-technologies-4442841463,NOC Engineer,Ruyat Technologies,posted,2026-07-27T13:28:08.693665,601
b7d31ae75a9b54aa,https://iq.linkedin.com/jobs/view/director-of-information-technology-at-american-university-of-iraq-baghdad-4443150925,Director of Information Technology,الجامعة الأمريكية في بغداد AUIB,posted,2026-07-27T13:28:20.796000,603
5302f855de20929c,https://iq.linkedin.com/jobs/view/commercial-officer-mousl-iraq-at-mustawfy-group-4442369384,"Commercial Officer- (Mousl, Iraq)",Mustawfy Group,posted,2026-07-27T13:28:30.360643,605
a5728f31c46a46a5,https://iq.linkedin.com/jobs/view/qa-team-member-at-qicard-4443779946,QA Team Member,,scraped,2026-07-27T13:28:33.089709,
bb80e29cfcd1c414,https://iq.linkedin.com/jobs/view/cashier-at-geely-auto-iraq-bajger-co-4442815941,Cashier,,scraped,2026-07-27T13:28:50.088332,
09a88b3616324a06,https://iq.linkedin.com/jobs/view/photographer-najaf-at-baly-4442813310,Photographer - Najaf,,scraped,2026-07-27T13:29:01.346128,
5b0f7296c68d9f12,https://iq.linkedin.com/jobs/view/benchmarks-are-bs-at-la-vida-m%C3%A1s-ch%C3%A9vere-4445387034,Benchmarks are BS,La Vida Más Chévere,posted,2026-07-27T13:29:17.584072,607
be35fcf88931e6ff,https://iq.linkedin.com/jobs/view/expedia-group-at-world-veterans-4445388428,Expedia Group,World Veterans,posted,2026-07-27T13:29:27.673485,609
6572b03be20e8169,https://iq.linkedin.com/jobs/view/paypal-at-world-veterans-4445397391,PayPal,World Veterans,posted,2026-07-27T13:29:37.767411,611
941c7087620bdbbc,https://iq.linkedin.com/jobs/view/hilla-riipus-%E2%80%93-hopeinen-ja-kullattu-lakankukkakoru-at-versatile-idea-oy-4445600741,Hilla-riipus – Hopeinen ja kullattu lakankukkakoru,,scraped,2026-07-27T13:29:40.133393,
73d58b70ef1ef0ee,https://iq.linkedin.com/jobs/view/hilla-korvakorut-%E2%80%93-k%C3%A4sintehdyt-hopeiset-ja-kullatut-at-versatile-idea-oy-4445398737,Hilla Korvakorut – Käsintehdyt Hopeiset ja Kullatut...,,scraped,2026-07-27T13:29:50.149593,
c556b3dcdc9d8d87,https://iq.linkedin.com/jobs/view/team-associate-teammart-erbil-iraq-at-mustawfy-group-4442359490,"Team Associate- TeamMart- (Erbil, Iraq)",Mustawfy Group,posted,2026-07-27T13:30:11.790238,613
8843b5fbe8183b6b,https://iq.linkedin.com/jobs/view/logistics-analyst-camp-arifjan-kuwait-at-serco-4445216125,"Logistics Analyst (Camp Arifjan, Kuwait)",Serco,posted,2026-07-27T13:30:27.573973,615
d0f18adb8c787fb9,https://iq.linkedin.com/jobs/view/assistant-to-dgm-service-department-at-sardar-group-4445626476,Assistant to DGM - Service Department,,scraped,2026-07-27T13:30:32.189483,
a103397810baf96c,https://iq.linkedin.com/jobs/view/chief-child-survival-development-no-4-ft-%2300129782-baghdad-iraq-menar-open-to-iraqi-nationals-only-at-unicef-4443791487,"Chief Child Survival & Development, NO-4, FT, #00129782, Baghdad, Iraq - MENAR (Open to Iraqi nationals only)",اليونيسف,posted,2026-07-27T13:30:51.150067,617
9d4d1204985dd735,https://iq.linkedin.com/jobs/view/maib-consultant-clien%C8%9Bi-at-insurance-company-garantie-jsc-4444844026,MAIB: Consultant Clienți,Insurance Company Garantie JSC,posted,2026-07-27T13:31:00.438610,619
4c24b84719358445,https://iq.linkedin.com/jobs/view/%D9%85%D9%86%D8%AF%D9%88%D8%A8-%D8%B9%D9%84%D8%A7%D9%82%D8%A7%D8%AA-%D8%A7%D9%84%D8%A3%D8%B7%D8%A8%D8%A7%D8%A1-at-kashfia-4441514887,مندوب علاقات الأطباء,Kashfia,posted,2026-07-27T13:31:15.383538,621
e01a89f24d9b5103,https://iq.linkedin.com/jobs/view/dental-nurse-at-american-university-of-iraq-baghdad-4444882697,Dental Nurse,الجامعة الأمريكية في بغداد AUIB,posted,2026-07-27T13:31:26.756352,623
3562e8c52dbc40aa,https://iq.linkedin.com/jobs/view/customer-accountant-at-%D8%B4%D8%B1%D9%83%D8%A9-%D9%86%D8%B3%D9%8A%D9%85-%D8%A7%D9%84%D8%BA%D8%B1%D8%A8%D9%8A%D8%A9-western-breeze-4445328060,Customer Accountant,,scraped,2026-07-27T13:31:29.400074,
46b41126c73cabd2,https://iq.linkedin.com/jobs/view/national-program-officer-rrr-ds-at-iom-un-migration-4445902258,National Program Officer (RRR-DS),IOM - UN Migration,posted,2026-07-27T13:31:49.590922,625
088b3c4b36658ed9,https://iq.linkedin.com/jobs/view/technical-qa-engineer-at-qicard-4443366571,Technical QA Engineer,,scraped,2026-07-27T13:31:54.248577,
7cfbcf484ece8853,https://iq.linkedin.com/jobs/view/assistant-city-responsible-at-sardar-group-4443579403,Assistant City Responsible,,scraped,2026-07-27T13:32:01.553816,
eb318379f939e280,https://iq.linkedin.com/jobs/view/%D8%B4%D9%82%D9%82-%D8%A8%D8%A7%D8%AF%D9%84-%D9%84%D9%8A%D9%81%D9%8A%D9%86%D8%AC-%D8%B1%D9%8A%D8%B2%D9%8A%D8%AF%D9%86%D8%B3%D8%B2-%D8%AC%D8%AF%D8%A9-at-fana-ltd-4441050766,شقق بادل ليفينج ريزيدنسز (جدة),,scraped,2026-07-27T13:32:13.737751,
caf79d5ab01ce755,https://iq.linkedin.com/jobs/view/wholesales-executive-at-sardar-group-4443782342,Wholesales Executive,,scraped,2026-07-27T13:32:21.086668,
40adb56cc8dbd649,https://iq.linkedin.com/jobs/view/bilingual-community-manager-ai-trainer-at-dataannotation-4344962706,Bilingual Community Manager - AI Trainer,DataAnnotation,posted,2026-07-27T13:32:37.368479,627
33f2018f973c399a,https://iq.linkedin.com/jobs/view/commis-ii-at-erbil-rotana-4442379426,Commis II,,scraped,2026-07-27T13:32:40.110039,
8c7441bd35a94d80,https://iq.linkedin.com/jobs/view/interpreter-ai-trainer-at-dataannotation-4344843600,Interpreter - AI Trainer,DataAnnotation,posted,2026-07-27T13:32:53.145403,629
7d9e87469902130a,https://iq.linkedin.com/jobs/view/auswirkungen-von-ki-auf-die-studienwahl-at-mjndset-studien-und-karriereberatung-4444028496,Auswirkungen von KI auf die Studienwahl,,scraped,2026-07-27T13:32:55.696069,
a35a3c86d18c4e3a,https://iq.linkedin.com/jobs/view/faculty-position-%E2%80%93-orthodontics-multiple-ranks-at-american-university-of-iraq-baghdad-4394406740,Faculty Position – Orthodontics (Multiple Ranks),الجامعة الأمريكية في بغداد AUIB,posted,2026-07-27T13:33:13.589121,631
3ad7d6981f4a8dee,https://iq.linkedin.com/jobs/view/agricultural-engineer-at-confidential-careers-4444461160,Agricultural Engineer,Confidential Careers,posted,2026-07-27T13:33:27.520142,633
7f44c9965780662e,https://iq.linkedin.com/jobs/view/lead-process-engineer-at-kbr-inc-4443910030,Lead Process Engineer,"KBR, Inc.",posted,2026-07-27T13:33:32.475777,413
87ebc2be39c7122e,https://iq.linkedin.com/jobs/view/freelance-photographer-at-talabat-4442825530,Freelance Photographer,,scraped,2026-07-27T13:33:34.913302,
a031228a8fddf683,https://iq.linkedin.com/jobs/view/iraq-sales-director-manager%EF%BC%88anvision%EF%BC%89-at-anton-4443351458,Iraq Sales Director/Manager（Anvision）,Anton,posted,2026-07-27T13:33:55.332877,635
663e8cf2c0a0bd15,https://iq.linkedin.com/jobs/view/copier-technician-at-amentum-4444977428,Copier Technician,Amentum,posted,2026-07-27T13:34:05.688498,637
e780554826452fe6,https://iq.linkedin.com/jobs/view/senior-financial-specialist-at-dr-scent-4444665994,Senior Financial Specialist,,scraped,2026-07-27T13:34:08.311343,
01149e53980935f9,https://iq.linkedin.com/jobs/view/handsets-devices-specialist-at-asiacell-communications-pjsc-4443123360,Handsets & Devices Specialist,,scraped,2026-07-27T13:34:14.807166,
c15d3a57d9e18b3c,https://iq.linkedin.com/jobs/view/field-lead-process-engineer-expat-at-kbr-inc-4445945143,Field Lead Process Engineer (Expat),"KBR, Inc.",posted,2026-07-27T13:34:33.822547,639
077dc75320fb6d9b,https://iq.linkedin.com/jobs/view/ctips-supervisor-at-v2x-inc-4444397007,CTIPS Supervisor,V2X Inc,posted,2026-07-27T13:34:45.982581,641
749d3762f82e7d2a,https://iq.linkedin.com/jobs/view/horizontals-foreman-rtch-grader-heavy-equip-at-amentum-4444983148,"Horizontals Foreman (RTCH, Grader & Heavy Equip)",Amentum,posted,2026-07-27T13:34:50.886100,313
5cad6ddb623206a7,https://iq.linkedin.com/jobs/view/community-liaison-officer-clo-at-kbr-inc-4445996679,Community Liaison Officer (CLO),"KBR, Inc.",posted,2026-07-29T11:11:24.457488,643
7f8ffa19afb51164,https://iq.linkedin.com/jobs/view/%D8%B4%D8%B1%D9%83%D8%A9-%D8%A3%D8%A8%D8%AC%D8%AF-%D8%AA%D8%B9%D9%84%D9%86-%D9%88%D8%B8%D8%A7%D8%A6%D9%81-%D8%B4%D8%A7%D8%BA%D8%B1%D8%A9-at-ol-om-%D8%B9%D8%A7%D8%B4%D9%82-%D8%B9%D9%8F%D9%85%D8%A7%D9%86-4446308430,شركة أبجد تعلن وظائف شاغرة,ol.om - عاشق عُمان,posted,2026-07-29T11:11:41.470654,645
677a940f8773cf5c,https://iq.linkedin.com/jobs/view/janitor-contingency-at-kbr-inc-4446350142,Janitor (Contingency),"KBR, Inc.",posted,2026-07-29T11:11:50.154020,647
b9fabdaa46846164,https://iq.linkedin.com/jobs/view/%D9%85%D8%B3%D8%A4%D9%88%D9%84-%D8%AA%D8%B3%D8%AC%D9%8A%D9%84-%D9%85%D9%8A%D8%AF%D8%A7%D9%86%D9%8A-%D8%A7%D9%84%D8%A8%D8%B5%D8%B1%D8%A9-at-baly-4444110076,مسؤول تسجيل ميداني - البصرة,,scraped,2026-07-29T11:11:52.908131,
2eab5f85e761d5c2,https://iq.linkedin.com/jobs/view/data-analyst-%E2%80%93-supply-at-baly-4443291755,Data Analyst – Supply,,scraped,2026-07-29T11:12:03.947906,
2b776b5ed4fc1a46,https://iq.linkedin.com/jobs/view/project-manager-at-american-university-of-iraq-baghdad-4445743464,Project Manager,الجامعة الأمريكية في بغداد AUIB,posted,2026-07-29T11:12:14.831552,565
3c4a8c9f9aea017a,https://iq.linkedin.com/jobs/view/mechanical-engineer-at-hiwa-rauf-for-investment-and-development-4442362466,Mechanical Engineer,,scraped,2026-07-29T11:12:19.331513,
dfb4d0643be1e50d,https://iq.linkedin.com/jobs/view/%D9%85%D8%AD%D8%A7%D8%B3%D8%A8-at-u-smart-%D8%A7%D9%84%D9%85%D8%AF%D9%86-%D8%A7%D9%84%D8%B0%D9%83%D9%8A%D8%A9-4443681247,محاسب,,scraped,2026-07-29T11:12:27.591568,
9fb1974b5962c18d,https://iq.linkedin.com/jobs/view/sales-executive-food-beverage-at-m%C3%B6venpick-hotels-resorts-4443138853,Sales Executive (Food & Beverage),,scraped,2026-07-29T11:12:35.340598,
0ca0919a39d6530c,https://iq.linkedin.com/jobs/view/launch-of-the-employment-intensive-investment-programme-eiip-guidelines-at-reliefweb-4446105511,Launch of the Employment-Intensive Investment Programme (EIIP) Guidelines:,ReliefWeb,posted,2026-07-29T11:12:51.089126,649
47dba07709ce35c6,https://iq.linkedin.com/jobs/view/commercial-development-lead-at-gulbahar-4446311040,Commercial Development Lead,,scraped,2026-07-29T11:12:55.964085,
9036831e1c3fb9ae,https://iq.linkedin.com/jobs/view/sales-manager-%E2%80%93-industrial-automation-engineering-solutions-at-seven-seas-workforce-solutions-4443272674,Sales Manager – Industrial Automation & Engineering Solutions,,scraped,2026-07-29T11:13:02.816975,
575a7ffc0a84593a,https://iq.linkedin.com/jobs/view/marketing-supervisor-at-elite-talent-4445611035,Marketing Supervisor,,scraped,2026-07-29T11:13:14.312946,
50a95fd060d3df3d,https://iq.linkedin.com/jobs/view/production-chemist-at-kbr-inc-4445948075,Production Chemist,"KBR, Inc.",posted,2026-07-29T11:13:28.290070,651
6caf016c0c61ff98,https://iq.linkedin.com/jobs/view/senior-compliance-specialist-at-geo-jade-middle-east-sbipro-fz-llc-4443261132,Senior Compliance Specialist,,scraped,2026-07-29T11:13:30.971924,
76c834b7636e894a,https://iq.linkedin.com/jobs/view/warehouse-superintendent-at-geo-jade-middle-east-sbipro-fz-llc-4443248422,Warehouse Superintendent,,scraped,2026-07-29T11:13:40.442970,
702e91b3aa86ace1,https://iq.linkedin.com/jobs/view/presales-engineer-iraq-at-tp-link-mea-4441048425,Presales Engineer - Iraq,,scraped,2026-07-29T11:13:50.121537,
dc8552ba35afc149,https://iq.linkedin.com/jobs/view/%D8%A7%D9%84%D8%A8%D8%AF%D8%A1-%D8%A8%D8%AA%D9%88%D8%B2%D9%8A%D8%B9-%D8%A7%D9%84%D8%A3%D8%B9%D9%84%D8%A7%D9%81-%D8%B6%D9%85%D9%86-%D9%85%D8%B4%D8%B1%D9%88%D8%B9-%D8%AF%D8%B9%D9%85-%D8%B5%D8%BA%D8%A7%D8%B1-%D9%85%D8%B1%D8%A8%D9%8A-%D8%A7%D9%84%D8%A3%D8%BA%D9%86%D8%A7%D9%85-at-horan-foundation-hf-4443678018,البدء بتوزيع الأعلاف ضمن مشروع دعم صغار مربي الأغنام,,scraped,2026-07-29T11:13:56.905981,
d1df4cfece4836bd,https://iq.linkedin.com/jobs/view/selas-at-advira-advertising-agency-4443605891,Selas,Advira Advertising Agency,posted,2026-07-29T11:14:13.590633,653
c611f27bf8b52041,https://iq.linkedin.com/jobs/view/%D8%AF%D8%B9%D9%88%D8%A9-%D9%84%D9%84%D8%AA%D9%82%D8%AF%D9%85-%D8%A8%D9%85%D9%82%D8%AA%D8%B1%D8%AD%D8%A7%D8%AA-%D9%84%D8%AA%D9%86%D9%81%D9%8A%D8%B0-%D9%85%D8%A8%D8%A7%D8%AF%D8%B1%D8%A7%D8%AA-%D9%85%D8%AC%D8%AA%D9%85%D8%B9%D9%8A%D8%A9-%D9%84%D8%AA%D9%88%D8%B7%D9%8A%D9%86-%D8%A3%D9%87%D8%AF%D8%A7%D9%81-%D8%A7%D9%84%D8%AA%D9%86%D9%85%D9%8A%D8%A9-%D8%A7%D9%84%D9%85%D8%B3%D8%AA%D8%AF%D8%A7%D9%85%D8%A9-at-%D8%A7%D9%84%D9%85%D8%B1%D9%83%D8%B2-%D8%A7%D9%84%D8%B9%D8%B1%D8%A8%D9%8A-%D9%84%D8%A7%D8%B3%D8%AA%D8%AF%D8%A7%D9%85%D8%A9-%D8%A7%D9%84%D8%B9%D9%85%D9%84-%D8%A7%D9%84%D8%A3%D9%87%D9%84%D9%8A-%D9%85%D8%A4%D8%B3%D8%B3%D8%A9-%D9%85%D8%B5%D8%B1-%D8%A7%D9%84%D8%AE%D9%8A%D8%B1-4444874189,"دعوة للتقدم بمقترحات لتنفيذ ""مبادرات مجتمعية"" لتوطين أهداف التنمية المستدامة",,scraped,2026-07-29T11:14:18.186453,
2c3e58606935f43b,https://iq.linkedin.com/jobs/view/%D8%A7%D9%84%D8%B1%D8%A7%D8%A8%D8%B7%D8%A9-%D8%AA%D8%B7%D9%84%D9%82-%D9%85%D8%B4%D8%B1%D9%88%D8%B9%D8%A7%D9%8B-%D9%84%D8%AA%D8%B1%D9%85%D9%8A%D9%85-450-%D9%85%D9%86%D8%B2%D9%84-at-horan-foundation-hf-4443664787,الرابطة تطلق مشروعاً لترميم 450 منزل,,scraped,2026-07-29T11:14:25.938836,
2193e1b972cd4796,https://iq.linkedin.com/jobs/view/junior-copywriter-at-elite-talent-4445906840,Junior Copywriter,,scraped,2026-07-29T11:14:33.804613,
65449ca560e91306,https://iq.linkedin.com/jobs/view/%D9%82%D8%A7%D8%A6%D8%AF-%D8%A7%D9%84%D9%85%D8%AD%D8%AA%D9%88%D9%89-%D9%88%D8%A7%D9%84%D8%A5%D8%A8%D8%AF%D8%A7%D8%B9-creative-strategist-at-%D8%A8%D8%A7%D8%A8-%D8%A7%D9%84%D9%8A%D9%85%D9%86-%D9%88%D8%B8%D8%A7%D8%A6%D9%81-%D9%88%D9%81%D8%B1%D8%B5-%D9%84%D9%84%D9%8A%D9%85%D9%86%D9%8A%D9%8A%D9%86-4443224390,قائد المحتوى والإبداع Creative Strategist,باب اليمن: وظائف وفرص لليمنيين,posted,2026-07-29T11:14:47.892331,655
327df2ab8bdcdd9c,https://iq.linkedin.com/jobs/view/qa-qc-engineer-local-at-anton-oss-4441814113,QA/QC Engineer (Local),Anton-OSS,posted,2026-07-29T11:14:59.204904,555
f7761154c1486056,https://iq.linkedin.com/jobs/view/mental-health-specialist-arabic-speaker-at-kurd-therapy-4445718438,Mental Health Specialist (Arabic Speaker),Kurd Therapy,posted,2026-07-29T11:15:10.733123,657
34f1546e2911d698,https://iq.linkedin.com/jobs/view/kitchen-steward-at-erbil-rotana-4441050893,Kitchen Steward,,scraped,2026-07-29T11:15:21.594759,
3c7b32a51311f56e,https://iq.linkedin.com/jobs/view/gis-coordinator-at-wood-4444284707,GIS Coordinator,Wood,posted,2026-07-29T11:15:44.151290,589
54d24915221589f3,https://iq.linkedin.com/jobs/view/%D8%AE%DB%8C%D8%A7%D8%AA%D9%85-%D9%87%DB%95%D9%85%D9%88%D9%88-%D8%AC%D9%84%DB%8E%DA%A9-%D8%AF%DB%95%D8%AF%D9%88%D9%88%D8%B1%D9%85-at-harzaan-4444503605,خیاتم هەموو جلێک دەدوورم,,scraped,2026-07-31T11:13:48.364684,
c894792af2022ff2,https://iq.linkedin.com/jobs/view/eric-dube-at-canadian-association-of-rallysport-4447256705,Eric Dube,,scraped,2026-07-31T11:13:57.186677,
4daeddd9fded56e4,https://iq.linkedin.com/jobs/view/%D9%83%D8%B1%D9%8A%D9%85-%D8%AB%D9%88%D9%85-at-smartest-makina-4446451269,كريم ثوم,,scraped,2026-07-31T11:14:04.050467,
9e1e7117906f8301,https://iq.linkedin.com/jobs/view/other-founding-operators-and-builders-at-permission-protocol-4446789035,Other Founding Operators and Builders,Permission Protocol,posted,2026-07-31T11:14:19.968393,659
5be2ef2ceacb182f,https://iq.linkedin.com/jobs/view/%D8%AF%DB%95%D9%84%DB%8C%DA%A4%D8%A7-%DA%A9%D8%A7%D8%B1%DB%8C-%D8%AF%D9%87%D9%88%DA%A9%DB%8E-at-harzaan-4444516223,دەلیڤا کاری دهوکێ,,scraped,2026-07-31T11:14:22.325578,
01cad6e07835a0a5,https://iq.linkedin.com/jobs/view/%D9%BE%DB%8E%D9%88%DB%8C%D8%B3%D8%AA%D9%85-%D8%A8%DB%95-%D8%A6%DB%8C%D8%B4%DB%8E%DA%A9%DB%8C-%D8%B4%DB%95%D9%88%D8%A7%D9%86-%D8%B9%D8%B1%D8%B3%DB%8C%D8%A7%D8%AA%DB%95-at-harzaan-4444515229,پێویستم بە ئیشێکی شەوان عرسیاتە,,scraped,2026-07-31T11:14:29.335380,
4587ac1aef98f4ca,https://iq.linkedin.com/jobs/view/%D9%81%D8%B1%D9%8A%D9%82-%D8%A7%D9%84%D8%A5%D8%AF%D8%A7%D8%B1%D8%A9-at-alian-industry-%D8%A5%D9%84%D9%8A%D8%A7%D9%86-%D9%84%D9%84%D8%B5%D9%86%D8%A7%D8%B9%D8%A9-4445070474,فريق الإدارة,,scraped,2026-07-31T11:14:35.776763,
0da895a1c37a4a0c,https://iq.linkedin.com/jobs/view/badge-administrator-at-kbr-inc-4447053837,Badge Administrator,"KBR, Inc.",posted,2026-07-31T11:14:51.269023,661
aa5fad4f5e5bbba6,https://iq.linkedin.com/jobs/view/%D9%88%DB%95%D8%B3%D8%AA%D8%A7%DB%8C-%D8%AA%DB%95%D8%AE%D8%AA%DB%95%DB%8C-%D8%A6%DB%95%D8%B1%D8%B2%DB%8C-at-harzaan-4444516221,وەستای تەختەی ئەرزی,,scraped,2026-07-31T11:14:53.720762,
c6059eeecf725bd1,https://iq.linkedin.com/jobs/view/qhse-manager-at-anton-4445038300,QHSE Manager,Anton,posted,2026-07-31T11:15:15.417838,663
7656e12c380df99f,https://iq.linkedin.com/jobs/view/%DB%8C%D8%A7%D8%B1%DB%8C%D8%AF%DB%95%D8%AF%DB%95%D8%B1%DB%8C-%D9%BE%D8%B2%DB%8C%D8%B4%DA%A9%DB%8C-%D8%AF%D8%AF%D8%A7%D9%86-at-harzaan-4444514248,یاریدەدەری پزیشکی ددان,,scraped,2026-07-31T11:15:19.774249,
b96abc5c1d277416,https://iq.linkedin.com/jobs/view/%D9%83%D8%A7%D8%B4%DB%8E%D8%B1-at-harzaan-4444505638,كاشێر,,scraped,2026-07-31T11:15:26.359772,
a304891ca5d42da7,https://iq.linkedin.com/jobs/view/digital-marketing-lead-at-zaincash-4446196325,Digital Marketing Lead,ZainCash,posted,2026-07-31T11:15:45.544113,665
6d1679f26f275241,https://iq.linkedin.com/jobs/view/%D8%A8%DB%95%DA%95%DB%8E%D9%88%DB%95%D8%A8%D8%B1%D8%AF%D9%86%DB%8C-%D8%B3%DB%86%D8%B4%DB%8C%D8%A7%D9%84-%D9%85%DB%8C%D8%AF%DB%8C%D8%A7-%D9%88-%D9%85%D8%A7%D8%B1%DA%A9%DB%8E%D8%AA%DB%8C%D9%86%DA%AF-at-harzaan-4444516252,بەڕێوەبردنی سۆشیال میدیا و مارکێتینگ,,scraped,2026-07-31T11:15:47.866308,
3b543d1331ed1f1d,https://iq.linkedin.com/jobs/view/arabic-language-expert-remote-at-yo-it-consulting-4446774186,Arabic Language Expert - Remote,,scraped,2026-07-31T11:15:54.540815,
4ca864bebeba9e49,https://iq.linkedin.com/jobs/view/storekeeper-at-philadelphia-solar-llc-4444140054,Storekeeper,,scraped,2026-07-31T11:16:01.032653,
d70720dd7e421fe8,https://iq.linkedin.com/jobs/view/project-coordinator-at-alutiiq-llc-4446962044,Project Coordinator,"Alutiiq, LLC",posted,2026-07-31T11:16:18.386318,667
90615b68637359a1,https://iq.linkedin.com/jobs/view/%D9%BE%DB%8E%D9%88%DB%8C%D8%B3%D8%AA%DB%8C%D9%85%D8%A7%D9%86-%D8%A8%DB%95-%DA%98%D9%85%DB%8E%D8%B1%DB%8C%D8%A7%D8%B1-%D9%87%DB%95%DB%8C%DB%95-at-harzaan-4444506612,پێویستیمان بە ژمێریار هەیە,,scraped,2026-07-31T11:16:20.754880,
43b5078a6121348e,https://iq.linkedin.com/jobs/view/human-resources-supervisor-at-palm-of-babylon-pob-4444596637,Human Resources Supervisor,,scraped,2026-07-31T11:16:30.195675,
76a38b8ba64d17f1,https://iq.linkedin.com/jobs/view/%D9%85%DB%95%D9%86%D8%AF%D9%88%D8%A8-at-harzaan-4444513328,مەندوب,,scraped,2026-07-31T11:16:38.296212,
633b53a8dd69ee8b,https://iq.linkedin.com/jobs/view/tooth-extractions-at-eyesmile-dentists-opticians-4446704837,Tooth Extractions,Eyesmile Dentists &amp; Opticians,posted,2026-07-31T11:16:52.577545,669
3141e6a9bfba9421,https://iq.linkedin.com/jobs/view/payment-operations-specialist-for-kurdistan-remote-at-multiverse-nv-4444156690,Payment Operations Specialist for Kurdistan - Remote,Multiverse NV,posted,2026-07-31T11:17:01.719466,671
21dab42bb103354e,https://iq.linkedin.com/jobs/view/%D9%BE%DB%8E%D9%88%DB%8C%D8%B3%D8%AA%D9%85%D8%A7%D9%86-%D8%A8%DB%95-%D8%A6%DB%95%DA%A9%D8%AA%DB%95%D8%B1%DB%8C-%DA%A9%D9%88%D8%B1-%D9%88-%DA%A9%DA%86-%D9%87%DB%95%DB%8C%DB%95-at-harzaan-4444514261,پێویستمان بە ئەکتەری کور و کچ هەیە,,scraped,2026-07-31T11:17:04.053684,
6dbad4f71aca0699,https://iq.linkedin.com/jobs/view/%D9%85%D8%AD%D8%A7%D8%B3%D8%A8%D8%A9-at-%D8%A8%D8%A7%D8%A8-%D8%A7%D9%84%D9%8A%D9%85%D9%86-%D9%88%D8%B8%D8%A7%D8%A6%D9%81-%D9%88%D9%81%D8%B1%D8%B5-%D9%84%D9%84%D9%8A%D9%85%D9%86%D9%8A%D9%8A%D9%86-4445334972,محاسبة,باب اليمن: وظائف وفرص لليمنيين,posted,2026-07-31T11:17:24.258802,673
c87bbee9e696f80c,https://iq.linkedin.com/jobs/view/security-engineer-at-baly-4442371535,Security Engineer,,scraped,2026-07-31T11:17:26.837050,
c8d8b5e17643b1fb,https://iq.linkedin.com/jobs/view/rm-corporate-iraq-al-basrah-at-bank-of-jordan-4445699858,RM-Corporate - Iraq /Al Basrah,,scraped,2026-07-31T11:17:33.549520,
f2d7e803f500b942,https://iq.linkedin.com/jobs/view/operations-advisor-at-kbr-inc-4447062835,Operations Advisor,"KBR, Inc.",posted,2026-07-31T11:17:48.391338,675
6805167b1423b5b0,https://iq.linkedin.com/jobs/view/%D8%B4%D9%8A%D9%81-%D8%AF%D9%8A-%D8%A8%D8%A7%D8%B1%D8%AA%D9%8A-at-al-bandar-group-4444836924,شيف دي بارتي,Al Bandar Group,posted,2026-07-31T11:17:57.981836,677
d92bbe70414cb0fe,https://iq.linkedin.com/jobs/view/payroll-specialist-senior-level-at-nass-al-iraq-holding-4442813571,Payroll Specialist - Senior-Level,,scraped,2026-07-31T11:18:02.600514,
bf3967b4e17f50ce,https://iq.linkedin.com/jobs/view/%D8%A5%D8%B9%D9%84%D8%A7%D9%86-%D9%85%D9%82%D8%A7%D8%A8%D9%84%D8%A7%D8%AA-%D9%88%D8%B8%D9%8A%D9%81%D8%A9-%E2%80%9C%D9%81%D9%86%D9%8A-%D8%A3%D9%88%D9%84-%D8%B9%D9%84%D8%A7%D8%AC-%D8%B7%D8%A8%D9%8A%D8%B9%D9%8A%E2%80%9D-at-ol-om-%D8%B9%D8%A7%D8%B4%D9%82-%D8%B9%D9%8F%D9%85%D8%A7%D9%86-4446317921,إعلان مقابلات وظيفة “فني أول علاج طبيعي”,ol.om - عاشق عُمان,posted,2026-07-31T11:18:16.911397,679
d4934796602930de,https://iq.linkedin.com/jobs/view/prepaid-portfolio-manager-at-asiacell-communications-pjsc-4443234139,Prepaid Portfolio Manager,,scraped,2026-07-31T11:18:21.393503,
c262efc758338b4d,https://iq.linkedin.com/jobs/view/zain2428-direct-sales-customer-service-representative-najaf-at-zain-iraq-4445393764,ZAIN2428 - Direct Sales Customer Service Representative-Najaf,Zain Iraq,posted,2026-07-31T11:18:47.119668,681
39641e404658aa42,https://iq.linkedin.com/jobs/view/diagnostic-technician-at-mia-motors-4443675781,Diagnostic Technician,MIA Motors,posted,2026-07-31T11:18:57.106061,683
0405fd548573f193,https://iq.linkedin.com/jobs/view/fire-suppression-supervisor-at-amentum-4444984081,Fire Suppression Supervisor,Amentum,posted,2026-07-31T11:19:11.125905,685
e39313c4cefbc38c,https://iq.linkedin.com/jobs/view/%D9%83%D8%A7%D8%AA%D8%A8-%D9%85%D8%AD%D8%AA%D9%88%D9%89-at-%D8%B4%D8%B1%D9%83%D8%A9-%D9%85%D8%AD%D9%85%D8%AF-%D8%B9%D9%84%D9%8A-mam-%D8%AA%D8%B3%D9%88%D9%8A%D9%82-%D8%A7%D9%84%D9%83%D8%AA%D8%B1%D9%88%D9%86%D9%8A-%D8%B4%D8%B1%D9%83%D8%A9-%D8%A7%D8%B9%D9%84%D8%A7%D9%86%D8%A7%D8%AA-4445090363,كاتب محتوى,شركة محمد علي MAM | تسويق الكتروني | شركة اعلانات,posted,2026-07-31T11:19:21.242175,687
893baf16a99960c9,https://iq.linkedin.com/jobs/view/database-and-web-developer-at-iom-un-migration-4446742121,Database and Web Developer,IOM - UN Migration,posted,2026-07-31T11:19:35.448047,689
074b31b31c2b1c46,https://iq.linkedin.com/jobs/view/f-16-flightline-engine-mech-iraq-at-v2x-inc-4443234097,F-16 Flightline Engine Mech - Iraq,V2X Inc,posted,2026-07-31T11:19:45.205203,691
0b8cb6e8e4cee1e5,https://iq.linkedin.com/jobs/view/medical-science-liaison-%E2%80%93-immunology-oncology-at-abbvie-4446059349,Medical Science Liaison – Immunology/ Oncology,AbbVie,posted,2026-07-31T11:19:55.062149,693
ca11ace05577ab74,https://iq.linkedin.com/jobs/view/content-creator-at-digital-vision-4445703148,Content Creator,,scraped,2026-07-31T11:19:59.613634,
1e86c09f24423027,https://iq.linkedin.com/jobs/view/%DA%86%DB%8E%D8%B4%D8%AA%D8%AE%D8%A7%D9%86%DB%95%DB%8C%DB%95%DA%A9%DB%8C-%D8%A8%DB%95%D9%86%D8%A7%D9%88%D8%A8%D8%A7%D9%86%DA%AF%DB%8C-%D9%87%DB%95%D9%88%D9%84%DB%8E%D8%B1-%D9%BE%DB%8E%D9%88%DB%8C%D8%B3%D8%AA%DB%8C-at-harzaan-4444193933,چێشتخانەیەکی بەناوبانگی هەولێر پێویستی...,,scraped,2026-07-31T11:20:07.614529,
0ca503100e240bd2,https://iq.linkedin.com/jobs/view/%D8%B1%D8%A7%D8%B3%DB%86-%DA%A9%D8%A7%D9%81%DB%8E-%D9%BE%DB%8E%D9%88%DB%8C%D8%B3%D8%AA%DB%8C-%D8%A8%DB%95-%D9%88%DB%95%DB%8C%D8%AA%DB%95%D8%B1%DB%95%DA%A9%DB%8C-%D8%A6%D8%A7%D9%81%D8%B1%DB%95%D8%AA-at-harzaan-4444515249,راسۆ کافێ پێویستی بە وەیتەرەکی ئافرەت...,,scraped,2026-07-31T11:20:14.724756,
57e2ab3c84142662,https://iq.linkedin.com/jobs/view/%D9%BE%DB%8E%D9%88%DB%8C%D8%B3%D8%AA%D9%85%D8%A7%D9%86-%D8%A8%DB%95-%D8%B3%DB%8C%D8%A7%D9%86%DB%95-%D9%87%DB%95%DB%8C%DB%95-%DA%A9%DB%95-%D9%BE%DB%8E%D8%B4%D8%AA%D8%B1-%DA%A9%D8%A7%D8%B1%DB%8C-at-harzaan-4444503619,پێویستمان بە سیانە هەیە کە پێشتر کاری...,,scraped,2026-07-31T11:20:21.316912,
9675e39d140fc169,https://iq.linkedin.com/jobs/view/%DA%A9%D8%A7%D8%B1%D9%85%DB%95%D9%86%D8%AF%D9%85%D8%A7%D9%86-%D9%BE%DB%8E%D9%88%DB%8C%D8%B3%D8%AA%DB%95-%D8%A8%DB%86-%D8%A8%DB%86-%D9%86%D8%A7%D9%88-%D8%AE%D9%88%D8%A7%D8%B1%D8%AF%D9%86%DA%AF%DB%95-at-harzaan-4444512303,کارمەندمان پێویستە بۆ بۆ ناو خواردنگە ...,,scraped,2026-07-31T11:20:27.917863,
0d16a2af06031728,https://iq.linkedin.com/jobs/view/janitor-contingency-at-kbr-inc-4446336969,Janitor (Contingency),"KBR, Inc.",posted,2026-07-31T11:20:38.569737,647
af18ca9e32d893bb,https://iq.linkedin.com/jobs/view/%D9%BE%DB%8E%D9%88%DB%8C%D8%B3%D8%AA%D9%85%D8%A7%D9%86-%D8%A8%DB%95-%D9%81%DB%8C%D8%AA%DB%95%D8%B1%DB%8C-%D8%A6%D8%A7%D9%85%DB%8E%D8%B1%DB%8C-%DA%AF%DB%95%D9%88%D8%B1%DB%95-%DA%BE%DB%95%DB%8C%DB%95-at-harzaan-4444504670,پێویستمان بە فیتەری ئامێری گەورە ھەیە,,scraped,2026-07-31T11:20:40.921844,
a1d3ada94c1895d5,https://iq.linkedin.com/jobs/view/%D9%BE%DB%8E%D9%88%DB%8C%D8%B3%D8%AA%D9%85%D8%A7%D9%86-%D8%A8%DB%95-%DA%A9%D8%A7%D8%B1%D9%85%DB%95%D9%86%D8%AF%DB%8E%DA%A9%DB%8C-%DA%A9%D9%88%DA%95%DB%95-%D8%A8%DB%86-%D8%AF%D9%88%DA%A9%D8%A7%D9%86%DB%8C-at-harzaan-4444501650,پێویستمان بە کارمەندێکی کوڕە بۆ دوکانی...,,scraped,2026-07-31T11:20:48.130515,
fdee5fc71d78fa9e,https://iq.linkedin.com/jobs/view/logistics-analyst-camp-arifjan-kuwait-at-serco-4447003100,"Logistics Analyst (Camp Arifjan, Kuwait)",Serco,posted,2026-07-31T11:21:02.193130,615
0258f57e0d563827,https://iq.linkedin.com/jobs/view/project-control-manager-at-nass-al-iraq-holding-4442827908,Project Control Manager,,scraped,2026-07-31T11:21:04.808819,
6162003bf36d9439,https://iq.linkedin.com/jobs/view/sales-specialist-at-zoomlion-middle-east-4443270672,Sales Specialist,,scraped,2026-07-31T11:21:11.318527,
4718ca7a08632850,https://iq.linkedin.com/jobs/view/follow-up-agent-erbil-at-elite-talent-4446324100,Follow-up Agent - Erbil,,scraped,2026-07-31T11:21:22.252562,
e05a11c5ab85a225,https://iq.linkedin.com/jobs/view/senior-commissioning-engineer-at-wood-4446586199,Senior Commissioning Engineer,Wood,posted,2026-07-31T11:21:40.851721,695
809a483e03d3209e,https://iq.linkedin.com/jobs/view/sales-specialist-at-zoomlion-middle-east-4445670768,Sales Specialist,,scraped,2026-07-31T11:21:43.456394,
fc3781fd9faf3b83,https://iq.linkedin.com/jobs/view/legal-director-at-zaincash-4446582293,Legal Director,ZainCash,posted,2026-07-31T11:22:03.732176,697
4d0ca1085c787333,https://iq.linkedin.com/jobs/view/senior-draftsman-at-ucc-holding-4445938236,Senior Draftsman,,scraped,2026-07-31T11:22:06.354769,
bd435e75a395b640,https://iq.linkedin.com/jobs/view/senior-executive-administrative-assistant-at-al-marasi-international-4443247160,Senior Executive Administrative Assistant,,scraped,2026-07-31T11:22:13.252601,
46e99f4c01563f95,https://iq.linkedin.com/jobs/view/senior-internal-auditor-finance-arabic-speaker-at-laith-al-obaidi-motors-4446783211,Senior Internal Auditor - Finance ( Arabic Speaker ),,scraped,2026-07-31T11:22:19.714190,
03bba18dd4f195cc,https://iq.linkedin.com/jobs/view/national-programme-officer-prevention-of-violent-extremism-and-rehabilitation-at-iom-un-migration-4445483417,National Programme Officer (Prevention of Violent Extremism and Rehabilitation),IOM - UN Migration,posted,2026-07-31T11:22:44.010424,699
1bd138600ae55b0e,https://iq.linkedin.com/jobs/view/ppf-technician-at-sardar-group-4445943831,PPF Technician,,scraped,2026-07-31T11:22:46.610668,
990411b400c30823,https://iq.linkedin.com/jobs/view/electrician-journeyman-at-amentum-4444981331,"Electrician, Journeyman",Amentum,posted,2026-07-31T11:23:04.985577,701
74a47b72ec41887b,https://iq.linkedin.com/jobs/view/fire-systems-supervisor-at-amentum-4444970641,Fire Systems Supervisor,Amentum,posted,2026-07-31T11:23:14.484587,703
271315c7811d8c40,https://iq.linkedin.com/jobs/view/artificial-lift-systems-field-specialist-at-baker-hughes-4445970198,Artificial Lift Systems Field Specialist,Baker Hughes,posted,2026-07-31T11:23:23.948181,705
0c3b199aeb24bf78,https://iq.linkedin.com/jobs/view/electronics-technician-npp-at-amentum-4444967865,Electronics Technician (NPP),Amentum,posted,2026-07-31T11:23:28.770796,533
62af9f808d130d00,https://iq.linkedin.com/jobs/view/%D8%A7%D9%84%D9%85%D8%B3%D9%83-at-deem-perfumes-4445633790,المسك,,scraped,2026-08-01T09:34:23.959102,
8b975c6cd788789e,https://iq.linkedin.com/jobs/view/%D8%A8%D9%8A%D8%A8%D9%8A-%D8%A8%D8%A7%D9%88%D8%AF%D8%B1-at-deem-perfumes-4445641761,بيبي باودر,,scraped,2026-08-01T09:34:29.874197,
5f28d045696a7eeb,https://iq.linkedin.com/jobs/view/%D9%81%D8%B1%D8%B5%D8%A9-%D8%A3%D9%81%D8%B6%D9%84-%D9%83%D8%AA%D8%A7%D8%A8-%D9%88%D8%B1%D9%82%D9%8A-at-qudarat-4447548130,فرصة أفضل - كتاب ورقي,,scraped,2026-08-01T09:34:39.891548,
ab05cf2786f8c8d0,https://iq.linkedin.com/jobs/view/%D8%A3%D9%88%D9%84-%D9%85%D9%86%D8%B5%D8%A9-%D8%B9%D9%85%D8%A7%D9%86%D9%8A%D8%A9-%D8%AA%D8%AF%D8%B9%D9%85-%D8%A5%D9%86%D8%B4%D8%A7%D8%A1-%D8%A7%D9%84%D9%85%D8%AA%D8%A7%D8%AC%D8%B1-%D8%A8%D8%A7%D9%84%D8%B0%D9%83%D8%A7%D8%A1-%D8%A7%D9%84%D8%A5%D8%B5%D8%B7%D9%86%D8%A7%D8%B9%D9%8A-at-twsaa-4446446541,أول منصة عمانية تدعم إنشاء المتاجر بالذكاء الإصطناعي,Twsaa,posted,2026-08-01T09:34:59.911425,707
dfe61c88172bff8a,https://iq.linkedin.com/jobs/view/social-behavior-change-officer-at-un-volunteers-arab-states-4446746990,Social Behavior Change Officer,,scraped,2026-08-01T09:35:06.420054,
0704755d0bd2d454,https://iq.linkedin.com/jobs/view/registration-officer-at-american-university-of-iraq-baghdad-4446791389,Registration Officer,الجامعة الأمريكية في بغداد AUIB,posted,2026-08-01T09:35:24.338675,709
1a4d12b29f4f69a8,https://iq.linkedin.com/jobs/view/re-looking-at-war-multi-modal-remediation-as-a-visual-strategy-in-iraq-war-documentaries-at-dcu-fujo-center-4447504568,Re-Looking At War: Multi-Modal Remediation as a Visual Strategy in Iraq War Documentaries,,scraped,2026-08-01T09:35:28.864094,
8b8fc820d5fbb90e,https://iq.linkedin.com/jobs/view/national-project-officer-enterprise-development-fund-at-iom-un-migration-4445494207,National Project Officer (Enterprise Development Fund),IOM - UN Migration,posted,2026-08-01T09:35:46.820618,711
6f3e5b19f73bd874,https://iq.linkedin.com/jobs/view/health-and-environmental-supervisor-at-geo-jade-middle-east-sbipro-fz-llc-4443248381,Health and Environmental Supervisor,,scraped,2026-08-01T09:35:49.360569,
e60d907d787abb4d,https://iq.linkedin.com/jobs/view/trade-compliance-documents-senior-officer-at-region-trade-bank-4443249647,Trade Compliance Documents Senior Officer,,scraped,2026-08-01T09:36:00.890715,
03017de90258282a,https://iq.linkedin.com/jobs/view/%D9%85%D8%B5%D9%88%D8%B1-%D9%85%D9%88%D8%A8%D9%8A%D9%84-%D9%88-%D9%83%D8%A7%D9%85%D9%8A%D8%B1%D8%A7-4442357792,مصور موبيل و كاميرا,بوابة المستقبل للاستثمار و التطوير العقاري,posted,2026-08-01T09:36:13.371333,713
9414bef9e1f0ee3a,https://iq.linkedin.com/jobs/view/advocacy-and-communications-specialist-no-3-fixed-term-position-baghdad-iraq-%2300136367-open-to-iraq-national-only-at-unicef-4447045297,"Advocacy and Communications Specialist, NO-3, Fixed Term Position, Baghdad, Iraq, #00136367 (Open to Iraq national only)",اليونيسف,posted,2026-08-01T09:36:24.508646,715
f2e3fcca47fbf4f7,https://iq.linkedin.com/jobs/view/senior-programme-associate-return-and-reintegration-at-iom-un-migration-4447527670,Senior Programme Associate (Return and Reintegration),IOM - UN Migration,posted,2026-08-01T09:36:37.275788,717
5e17c1f4e8b64f17,https://iq.linkedin.com/jobs/view/head-of-large-groceries-modern-trade-at-confidential-4446781047,Head of Large Groceries & Modern Trade,Confidential,posted,2026-08-01T09:36:56.480769,719
84f55b1ce9aa699f,https://iq.linkedin.com/jobs/view/%D9%BE%DB%8E%D9%88%DB%8C%D8%B3%D8%AA%D9%85%D8%A7%D9%86-%D8%A8%DB%95-%D8%AE%D8%A7%D9%86%D9%85%DB%8E%DA%A9-%D9%87%DB%95%DB%8C%DB%95-%D8%A8%DB%86-%DA%A9%D8%A7%D8%B1%DB%8C-marke-at-harzaan-4444510439,پێویستمان بە خانمێک هەیە بۆ کاری Marke...,,scraped,2026-08-01T09:37:00.821309,
5c2554c9f8b948c3,https://iq.linkedin.com/jobs/view/%D9%83%D8%A7%D8%AA%D8%A8-%D9%85%D8%AD%D8%AA%D9%88%D9%89-at-%D8%A8%D8%A7%D8%A8-%D8%A7%D9%84%D9%8A%D9%85%D9%86-%D9%88%D8%B8%D8%A7%D8%A6%D9%81-%D9%88%D9%81%D8%B1%D8%B5-%D9%84%D9%84%D9%8A%D9%85%D9%86%D9%8A%D9%8A%D9%86-4447759962,كاتب محتوى,باب اليمن: وظائف وفرص لليمنيين,posted,2026-08-01T09:37:17.426752,721
81e76d2e60ca89c0,https://iq.linkedin.com/jobs/view/head-of-marketing-iraq-at-evyap-4442843305,Head of Marketing - Iraq,,scraped,2026-08-01T09:37:19.979481,
070b6f58c70e49f3,https://iq.linkedin.com/jobs/view/advocacy-and-communications-specialist-no-3-fixed-term-position-baghdad-iraq-%2300136367-open-to-iraq-national-only-at-unicef-chad-4445527687,"Advocacy and Communications Specialist, NO-3, Fixed Term Position, Baghdad, Iraq, #00136367 (Open to Iraq national only)",Unicef CHAD,posted,2026-08-01T09:37:37.384294,723
01b19e3b0ff57a32,https://iq.linkedin.com/jobs/view/senior-accountant-at-hawax-corporation-4445591391,Senior Accountant,,scraped,2026-08-01T09:37:39.962783,
e749bc0d7d803709,https://iq.linkedin.com/jobs/view/accountant-erbil-iraq-at-mustawfy-group-4442360454,Accountant-  (Erbil Iraq),Mustawfy Group,posted,2026-08-01T09:37:51.827515,725
b61190177f38cd36,https://iq.linkedin.com/jobs/view/business-development-partnerships-executive-4444166037,Business Development & Partnerships Executive,iraqi careers,posted,2026-08-01T09:37:59.044522,727
81792fef1d7f65c2,https://iq.linkedin.com/jobs/view/%D9%86%D8%B4%D8%A7%D8%B7%D8%A7%D8%AA-%D8%AD%D9%85%D9%84%D8%AA%D9%86%D8%A7-%D8%A7%D9%84%D8%B1%D9%85%D8%B6%D8%A7%D9%86%D9%8A%D8%A9-%D8%A7%D9%84%D8%B1%D9%8A%D8%A7%D9%86-3-at-horan-foundation-hf-4443669141,نشاطات حملتنا الرمضانية الريان 3,,scraped,2026-08-01T09:38:03.375289,
fdf04f5ac6671f9f,https://iq.linkedin.com/jobs/view/electronics-engineer-at-xtex-4446782666,Electronics Engineer,XTEX,posted,2026-08-01T09:38:17.592333,729
cd58ef8190c1f228,https://iq.linkedin.com/jobs/view/%D9%87%DB%95%D9%84%DB%8C-%DA%A9%D8%A7%D8%B1-%D9%84%DB%95-%D9%85%D8%A7%D8%B1%DA%A9%DB%8E%D8%AA%DB%8C-%DA%AF%DB%86%D8%B4%D8%AA%DB%8C-%D8%AD%D9%84%D8%A7%D9%84-%D9%84%DB%95-%D8%B4%D8%A7%D8%B1%DB%8C-at-harzaan-4444503621,هەلی کار لە مارکێتی گۆشتی حلال لە شاری...,,scraped,2026-08-01T09:38:19.940565,
8e11c895f6c13ce0,https://iq.linkedin.com/jobs/view/senior-digital-markiting-expert-at-medical-centers-iraq-4443283263,Senior Digital Markiting Expert,Medical centers Iraq,posted,2026-08-01T09:38:37.087537,731
0c3e0c7ef5f513ad,https://iq.linkedin.com/jobs/view/%D9%87%DB%95%D9%84%DB%8C-%DA%A9%D8%A7%D8%B1%D9%84%DB%95-%D9%87%DB%95%D9%88%D9%84%DB%8E%D8%B1-at-harzaan-4444515258,هەلی کارلە هەولێر,,scraped,2026-08-01T09:38:49.381948,
bfa44a85de013d21,https://iq.linkedin.com/jobs/view/%D9%87%DB%95%D9%84%DB%8C-%D9%83%D8%A7%D8%B1-%D9%84%DB%95-%D9%82%DB%95%D8%B2%D8%A7%DB%8C-%D8%AE%DB%95%D8%A8%D8%A7%D8%AA-at-harzaan-4444193915,هەلی كار .. لە قەزای خەبات,,scraped,2026-08-01T09:38:56.043623,
d94aac9ab0ae7d83,https://iq.linkedin.com/jobs/view/%DA%A9%D8%A7%D8%B1%D9%85%DB%95%D9%86%D8%AF%DB%8C-%D8%AA%D8%A7%D9%82%DB%8C%DA%AF%DB%95-at-harzaan-4444516228,کارمەندی تاقیگە,,scraped,2026-08-01T09:39:02.985517,
da3ee2580cdd56d6,https://iq.linkedin.com/jobs/view/%D9%87%DB%95%D9%84%DB%8C-%DA%A9%D8%A7%D8%B1-%D9%84%DB%95-%D8%B1%DB%8E%D8%B3%D8%AA%DB%86%D8%B1%D8%A7%D9%86%D8%AA%DB%8C-%DA%A9%D8%A7%D8%B3%D8%AA%DB%8E%D9%84%DB%86-%D9%BE%DB%8C%D8%AA%D8%B2%D8%A7-at-harzaan-4444514265,هەلی کار لە رێستۆرانتی کاستێلۆ پیتزا,,scraped,2026-08-01T09:39:09.300199,
32556e28cf63ab1e,https://iq.linkedin.com/jobs/view/cpf2-site-mech-rotating-qc-inspector-at-iota-group-4447237834,CPF2 Site Mech. Rotating QC Inspector,,scraped,2026-08-01T09:39:22.549653,
3f788d2322959e62,https://iq.linkedin.com/jobs/view/digital-marketing-lead-erbil-at-zaincash-4446301033,Digital Marketing Lead ( Erbil ),ZainCash,posted,2026-08-01T09:39:41.766661,733
78090f160b424eac,https://iq.linkedin.com/jobs/view/information-technology-support-engineer-at-geo-jade-middle-east-sbipro-fz-llc-4443215995,Information Technology Support Engineer,,scraped,2026-08-01T09:39:52.270253,
43a9ed48fb73956e,https://iq.linkedin.com/jobs/view/national-project-officer-reparations-and-transitional-justice-at-iom-un-migration-4445900236,National Project Officer (Reparations and Transitional Justice),IOM - UN Migration,posted,2026-08-01T09:40:12.985226,735
2ab6e3e00c377216,https://iq.linkedin.com/jobs/view/%D8%B4%D9%8A%D9%81-%D8%AD%D9%84%D9%88%D9%8A%D8%A7%D8%AA-%D8%AA%D9%86%D9%81%D9%8A%D8%B0%D9%8A-%D8%B1%D8%A6%D9%8A%D8%B3%D9%8A-at-al-bandar-group-4444847270,شيف حلويات تنفيذي رئيسي,Al Bandar Group,posted,2026-08-01T09:40:24.375417,737
d366d3d9a6514363,https://iq.linkedin.com/jobs/view/biomedical-engineer-at-american-university-of-iraq-baghdad-4445486697,Biomedical Engineer,الجامعة الأمريكية في بغداد AUIB,posted,2026-08-01T09:40:37.301184,739
f98d45eddb9219f7,https://iq.linkedin.com/jobs/view/adjunct-faculty-in-islamic-art-archeology-at-american-university-of-iraq-baghdad-4444879737,Adjunct Faculty in Islamic Art & Archeology,الجامعة الأمريكية في بغداد AUIB,posted,2026-08-01T09:40:58.531852,741
50dbd2da3316a1d4,https://iq.linkedin.com/jobs/view/front-desk-agent-at-erbil-rotana-4443611374,Front Desk Agent,,scraped,2026-08-03T13:24:37.454895,
148a3d5baabf98b1,https://iq.linkedin.com/jobs/view/talent-acquisition-officer-at-baly-4443297356,Talent Acquisition Officer,,scraped,2026-08-03T13:24:44.113436,
51d4457f925a7865,https://iq.linkedin.com/jobs/view/%D9%81%D8%B1%D8%B5%D8%A9-%D8%B9%D9%85%D9%84-%D9%85%D9%85%D8%B1%D8%B6-%D9%80%D9%80%D8%A9-at-horan-foundation-hf-4443660229,فرصة عمل: ممرض/ ــة,,scraped,2026-08-03T13:24:52.752774,
feae311f4ad1e884,https://iq.linkedin.com/jobs/view/%D9%81%D8%B1%D8%B5%D8%A9-%D8%B9%D9%85%D9%84-%D9%85%D9%85%D8%B1%D8%B6-%D9%80%D9%80%D8%A9-at-horan-foundation-hf-4443664162,فرصة عمل: ممرض/ ــة,,scraped,2026-08-03T13:24:59.902446,
aa773caa43bc5b93,https://iq.linkedin.com/jobs/view/coordinator-partner-operations-at-talabat-4447699706,Coordinator Partner Operations,,scraped,2026-08-03T13:25:07.023689,
0a29857fb55b800a,https://iq.linkedin.com/jobs/view/sales-representative-at-autotech-automotive-spare-parts-4445801147,Sales Representative,,scraped,2026-08-03T13:25:13.688888,
409267c7e85f0a5a,https://iq.linkedin.com/jobs/view/recruitment-talent-acquisition-officer-at-zaincash-4447883385,Recruitment & Talent Acquisition Officer,ZainCash,posted,2026-08-03T13:25:32.822455,743
21f342b5bd06b47a,https://iq.linkedin.com/jobs/view/project-manager-at-burjline-builders-4447474805,Project Manager,Burjline Builders,posted,2026-08-03T13:25:41.303674,565
2d1aa5a5f46d6c87,https://iq.linkedin.com/jobs/view/the-last-story-episode-14-kingdom-of-the-undying-at-the-everbright-archive-4445880140,The Last Story - Episode 14 - Kingdom of the Undying,The Everbright Archive,posted,2026-08-03T13:25:54.585133,745
a4a3a8df160e53e3,https://iq.linkedin.com/jobs/view/night-receptionist-at-divan-erbil-careers-4447650821,Night Receptionist,Divan Erbil Careers,posted,2026-08-03T13:26:05.751944,747
a80083dcd0ded5ef,https://iq.linkedin.com/jobs/view/sales-specialist-at-zoomlion-middle-east-4448133711,Sales Specialist,,scraped,2026-08-03T13:26:18.287890,
9e1252b2218331dc,https://iq.linkedin.com/jobs/view/back-end-developer-at-rasedi-payment-solutions-4448166717,Back-End Developer,,scraped,2026-08-03T13:26:24.910185,
6cbeb12d67a057c7,https://iq.linkedin.com/jobs/view/finance-manager-at-confidential-careers-4448168972,Finance Manager,Confidential Careers,posted,2026-08-03T13:26:41.786734,749
f95f109c8ea31f34,https://iq.linkedin.com/jobs/view/careers-committee-at-sci-electrochemistry-postgraduate-conference-2022-4445822757,Careers Committee,,scraped,2026-08-03T13:26:44.221685,
3a767f6d90760139,https://iq.linkedin.com/jobs/view/%D9%85%D9%87%D9%86%D8%AF%D8%B3-%D9%83%D9%87%D8%B1%D8%A8%D8%A7%D8%A1-at-u-smart-%D8%A7%D9%84%D9%85%D8%AF%D9%86-%D8%A7%D9%84%D8%B0%D9%83%D9%8A%D8%A9-4443693011,مهندس كهرباء,,scraped,2026-08-03T13:26:50.957010,
4c7b7deee86a858a,https://iq.linkedin.com/jobs/view/procurement-specialist-at-alhasani-home-center-4445888897,Procurement Specialist,Alhasani Home Center,posted,2026-08-03T13:27:04.655332,493
672263e933603c33,https://iq.linkedin.com/jobs/view/%D9%85%D8%AF%D9%8A%D8%B1-%D9%85%D8%AA%D8%AC%D8%B1-%D8%A5%D9%84%D9%83%D8%AA%D8%B1%D9%88%D9%86%D9%8A-at-%D8%A8%D8%A7%D8%A8-%D8%A7%D9%84%D9%8A%D9%85%D9%86-%D9%88%D8%B8%D8%A7%D8%A6%D9%81-%D9%88%D9%81%D8%B1%D8%B5-%D9%84%D9%84%D9%8A%D9%85%D9%86%D9%8A%D9%8A%D9%86-4448105401,مدير متجر إلكتروني,باب اليمن: وظائف وفرص لليمنيين,posted,2026-08-03T13:27:14.214270,751
4c12f6c830a0955f,https://iq.linkedin.com/jobs/view/account-manager-at-elite-talent-4448188484,Account Manager,,scraped,2026-08-03T13:27:20.838635,
432067f6cd31ebf1,https://iq.linkedin.com/jobs/view/%D8%B1%D8%A7%D8%A8%D8%B7%D8%A9-%D8%A3%D9%87%D9%84-%D8%AD%D9%88%D8%B1%D8%A7%D9%86-%D8%AA%D8%B4%D8%A7%D8%B1%D9%83-%D8%A8%D8%AD%D9%85%D9%84%D8%A9-%E2%80%9D-%D8%AF%D9%81%D8%A7-%D8%A7%D9%84%D9%83%D8%B1%D8%A7%D9%85-%E2%80%9C-at-horan-foundation-hf-4443668730,رابطة أهل حوران تشارك بحملة ” دفا الكرام “,,scraped,2026-08-03T13:27:29.244521,
8bdc9bbbc78723f9,https://iq.linkedin.com/jobs/view/%D9%85%D8%AF%D9%8A%D8%B1-%D8%AA%D8%B3%D9%88%D9%8A%D9%82-markting-manager-at-%D8%A8%D8%A7%D8%A8-%D8%A7%D9%84%D9%8A%D9%85%D9%86-%D9%88%D8%B8%D8%A7%D8%A6%D9%81-%D9%88%D9%81%D8%B1%D8%B5-%D9%84%D9%84%D9%8A%D9%85%D9%86%D9%8A%D9%8A%D9%86-4447899474,مدير تسويق Markting Manager,باب اليمن: وظائف وفرص لليمنيين,posted,2026-08-03T13:27:45.715093,753
ed79352441618329,https://iq.linkedin.com/jobs/view/%D9%85%D8%B3%D8%A7%D8%B9%D8%AF-%D9%85%D8%AF%D9%8A%D8%B1-%D8%A7%D9%84%D9%85%D8%A8%D9%8A%D8%B9%D8%A7%D8%AA-at-ezma-holding-4445890926,مساعد مدير المبيعات,,scraped,2026-08-03T13:27:50.499683,
64ea075f636071f1,https://iq.linkedin.com/jobs/view/female-gym-supervisor-onsite-at-kbr-inc-4447571114,Female Gym Supervisor-Onsite,"KBR, Inc.",posted,2026-08-03T13:28:06.556482,755
81bfd26e25962074,https://iq.linkedin.com/jobs/view/logistic-coordinator-at-sardar-group-4447013504,Logistic Coordinator,,scraped,2026-08-03T13:28:09.141529,
62de4652a8e82bb6,https://iq.linkedin.com/jobs/view/%D9%85%D8%B3%D8%A4%D9%88%D9%84-%D8%AA%D8%B3%D8%AC%D9%8A%D9%84-%D9%85%D9%8A%D8%AF%D8%A7%D9%86%D9%8A-%D8%A7%D9%84%D9%86%D8%A7%D8%B5%D8%B1%D9%8A%D8%A9-at-baly-4443695486,مسؤول تسجيل ميداني  - الناصرية,,scraped,2026-08-03T13:28:18.132473,
06d9597be8e10dfc,https://iq.linkedin.com/jobs/view/service-advisor-at-sardar-group-4446898865,Service Advisor,,scraped,2026-08-03T13:28:24.438187,
4eeedaa66a6f9acf,https://iq.linkedin.com/jobs/view/janitor-lead-contingency-at-kbr-inc-4446352100,"Janitor, Lead (Contingency)","KBR, Inc.",posted,2026-08-03T13:28:41.376180,757
89383dbc0bbe73ee,https://iq.linkedin.com/jobs/view/reporting-engineer-at-kbr-inc-4447061834,Reporting Engineer,"KBR, Inc.",posted,2026-08-03T13:28:56.628676,759
e156ebfa60e69c78,https://iq.linkedin.com/jobs/view/senior-project-associate-durable-solutions-and-reintegration-at-iom-un-migration-4445489355,Senior Project Associate (Durable Solutions and Reintegration),IOM - UN Migration,posted,2026-08-03T13:29:09.746569,761
7d75ddec2cab7dca,https://iq.linkedin.com/jobs/view/enterprise-engineer-at-baly-4446053364,Enterprise Engineer,,scraped,2026-08-03T13:29:12.291128,
129958ca7eda914a,https://iq.linkedin.com/jobs/view/fmcg-sales-representative-at-ezma-holding-4445836644,FMCG Sales Representative,,scraped,2026-08-03T13:29:20.989802,
3557853724f686b2,https://iq.linkedin.com/jobs/view/creative-production-lead-at-zaincash-4443265797,Creative Production Lead,ZainCash,posted,2026-08-03T13:29:41.201284,763
29881de20f342157,https://iq.linkedin.com/jobs/view/sales-specialist-at-zoomlion-middle-east-4448156007,Sales Specialist,,scraped,2026-08-03T13:29:45.806572,
59044117d9f95462,https://iq.linkedin.com/jobs/view/%D9%BE%DB%8E%D9%88%DB%8C%D8%B3%D8%AA%D9%85%D8%A7%D9%86-%D8%A8%DB%95-promoter%D9%80%D9%80%DB%95-at-harzaan-4444195842,پێویستمان بە Promoterــە,,scraped,2026-08-03T13:30:04.537744,
fe699b10cc5d9482,https://iq.linkedin.com/jobs/view/future-developments-at-invest-in-swansea-4449455538,Future Developments,,scraped,2026-08-05T11:06:26.911022,
8e77d737cf0e4a12,https://iq.linkedin.com/jobs/view/custom-bottle-openers-practical-promotional-products-explained-at-storybrook-farm-inc-4447346038,Custom Bottle Openers: Practical Promotional Products Explained,Storybrook Farm Inc.,posted,2026-08-05T11:06:45.298392,765
7784a8e7aa60fabb,https://iq.linkedin.com/jobs/view/ifv-ufo-at-just-krishna-things-4448958619,IFV UFO,Just Krishna Things,posted,2026-08-05T11:06:55.182285,767
4bc30a82a170aab1,https://iq.linkedin.com/jobs/view/gabriel-at-goska-management-4448973360,GABRIEL,Goska Management,posted,2026-08-05T11:07:06.991146,769
a07d0cb810ae625a,https://iq.linkedin.com/jobs/view/sharifa-butterfly-at-ms-represents-4447945401,SHARIFA BUTTERFLY,,scraped,2026-08-05T11:07:09.506715,
ee5fdd976072efe7,https://iq.linkedin.com/jobs/view/mailmag-at-wanted-motion-works-4447346856,Mailmag,Wanted Motion Works,posted,2026-08-05T11:07:23.223849,771
f8e41e6638915b0c,https://iq.linkedin.com/jobs/view/basra-ajeh-at-day-mgmt-uk-4447310263,Basra Ajeh,Day MGMT UK,posted,2026-08-05T11:07:34.239540,773
a9c63f256758933f,https://iq.linkedin.com/jobs/view/%D8%A8%D8%B1%D9%88%D8%A7%D8%B2-poster-hanger-at-dear-huamn-%D8%B9%D8%B2%D9%8A%D8%B2%D9%8A-%D8%A7%D9%84%D8%A5%D9%86%D8%B3%D8%A7%D9%86-4446699010,برواز Poster Hanger,Dear Huamn عزيزي الإنسان,posted,2026-08-05T11:07:51.284362,775
857ca630a1a68c89,https://iq.linkedin.com/jobs/view/learning-and-development-specialist-at-arab-bank-iraq-4445080934,Learning and Development Specialist,Arab Bank Iraq,posted,2026-08-05T11:08:03.242754,777
ab29d6c1ef6ef3ba,https://iq.linkedin.com/jobs/view/contr%C3%B4leur-de-co%C3%BBt-at-y2h-consulting-4448918907,Contrôleur de coût,,scraped,2026-08-05T11:08:07.826960,
2421de912a20b875,https://iq.linkedin.com/jobs/view/%D8%A5%D8%B9%D9%84%D8%A7%D9%86-%D8%B1%D8%A6%D9%8A%D8%B3-%D8%A7%D9%84%D9%87%D9%8A%D8%A6%D8%A9-%D8%A7%D9%84%D9%86%D8%A7%D8%B8%D9%85%D8%A9-%D9%84%D8%AA%D9%86%D8%B8%D9%8A%D9%85-%D9%82%D8%B7%D8%A7%D8%B9-%D8%A7%D9%84%D9%83%D9%87%D8%B1%D8%A8%D8%A7%D8%A1-at-presidency-of-the-council-of-ministers-4446936346,إعلان رئيس الهيئة الناظمة لتنظيم قطاع الكهرباء,,scraped,2026-08-05T11:08:18.206841,
b581b9b1092a84a7,https://iq.linkedin.com/jobs/view/female-experienced-page-customer-service-english-abo-samra-at-proart-realty-4449473106,female experienced page customer service - english - abo samra,ProArt REALTY,posted,2026-08-05T11:08:40.257181,779
448ef57dfd02b6ee,https://iq.linkedin.com/jobs/view/operations-coordinator-senior-at-v2x-inc-4448220814,Operations Coordinator Senior,V2X Inc,posted,2026-08-05T11:08:50.015304,781
d50a3b12617e1ad1,https://iq.linkedin.com/jobs/view/logistics-officer-at-elite-talent-4448851433,Logistics Officer,,scraped,2026-08-05T11:08:54.560027,
5477ad053fca8bd4,https://iq.linkedin.com/jobs/view/credit-controller-at-ezma-holding-4445809342,Credit Controller,,scraped,2026-08-05T11:09:01.109919,
b5888cf3f772b820,https://iq.linkedin.com/jobs/view/dr-somava-saha-president-ceo-well-being-and-equity-we-in-the-world-and-well-being-in-the-nation-win-network-at-the-voice-of-hope-podcast-with-dr-ken-huey-4448171865,"Dr. Somava Saha - President & CEO, Well-being and Equity (WE) in the World and Well Being In the Nation (WIN) Network",The Voice of Hope Podcast with Dr. Ken Huey,posted,2026-08-05T11:09:16.103378,783
a01bdbbc8a295d10,https://iq.linkedin.com/jobs/view/insurance-broker-4446649167,Insurance Broker,Alamin Insurance Consultants - Baghdad,posted,2026-08-05T11:09:24.047875,785
f0ef36c4303418d3,https://iq.linkedin.com/jobs/view/programme-officer-rehabilitation-reconciliation-reintegration-rrr-coordination-p-at-iom-un-migration-4449460224,"Programme Officer (Rehabilitation, Reconciliation & Reintegration (RRR) Coordination) (P)",IOM - UN Migration,posted,2026-08-05T11:09:37.720659,787
7c5ebd3e7b97d033,https://iq.linkedin.com/jobs/view/campaign-specialist-at-ntu-international-a-s-4449471284,Campaign Specialist,,scraped,2026-08-05T11:09:40.304664,
b84c2e92968a47a0,https://iq.linkedin.com/jobs/view/sales-development-representative-%E2%80%94-iraq-kurdistan-at-iris-zimmerfrau-inc-4447315330,Sales Development Representative — Iraq & Kurdistan,Iris Zimmerfrau Inc.,posted,2026-08-05T11:09:53.684814,789
ac4e6be337a66a52,https://iq.linkedin.com/jobs/view/tax-specialist-lead-at-atlas-copco-4419783266,Tax Specialist Lead,,scraped,2026-08-05T11:09:56.110378,
9a3e5b77c543ad93,https://iq.linkedin.com/jobs/view/field-medical-advisor-rare-diseases-iraq-at-astrazeneca-4448235394,Field Medical Advisor - Rare Diseases - Iraq,AstraZeneca,posted,2026-08-05T11:10:13.837481,791
13b88fe3807c7bbc,https://iq.linkedin.com/jobs/view/country-manager-iraq-at-dhl-express-4446195962,Country Manager Iraq,DHL Express,posted,2026-08-05T11:10:25.139263,793
d6ecaec476abcaf5,https://iq.linkedin.com/jobs/view/power-generation-supervisor-at-v2x-inc-4448219694,Power Generation Supervisor,V2X Inc,posted,2026-08-05T11:10:34.956864,795
1d27343f94ca7f94,https://iq.linkedin.com/jobs/view/marketing-specialist-iraq-at-tp-link-mea-4446648561,Marketing Specialist - Iraq,,scraped,2026-08-05T11:10:41.639332,
945c54b2539b0fba,https://iq.linkedin.com/jobs/view/key-account-specialist-r-i-iraq-at-astrazeneca-4448577335,Key Account Specialist - R&I - Iraq,AstraZeneca,posted,2026-08-05T11:11:03.606037,797
09f92eaba35569a2,https://iq.linkedin.com/jobs/view/financial-assistant-%E8%B4%A2%E5%8A%A1%E5%8A%A9%E7%90%86-at-anton-4446636383,Financial Assistant (财务助理),Anton,posted,2026-08-05T11:11:20.484757,799
442023f6a45eb053,https://iq.linkedin.com/jobs/view/marketing-specialist-ogcc-iraq-at-anker-innovations-4444555415,Marketing Specialist (OGCC - Iraq ),Anker Innovations,posted,2026-08-05T11:11:29.788978,801
c3a39205d1eb6a08,https://iq.linkedin.com/jobs/view/rigger-at-fieldcore-4446211793,Rigger,FieldCore,posted,2026-08-05T11:11:46.642483,803
c01382bab4892e9f,https://iq.linkedin.com/jobs/view/%D9%85%D8%A8%D9%8A%D8%B9%D8%A7%D8%AA-b2b-at-ffc-%D8%A7%D9%84%D8%A7%D9%88%D9%84%D9%89-%D9%84%D9%84%D8%AD%D9%84%D9%88%D9%84-%D8%A7%D9%84%D8%AA%D9%85%D9%88%D9%8A%D9%84%D9%8A%D8%A9-4447364048,مبيعات B2B,,scraped,2026-08-05T11:11:49.243591,
fe35875c46f8c3cf,https://iq.linkedin.com/jobs/view/%D8%B4%D8%B1%D9%8A%D9%83-%D9%85%D8%A8%D9%8A%D8%B9%D8%A7%D8%AA-%D9%88%D8%AA%D8%B3%D9%88%D9%8A%D9%82-%D8%A7%D9%84%D9%86%D8%AC%D9%81-%D9%88%D9%83%D8%B1%D8%A8%D9%84%D8%A7%D8%A1-%D8%B9%D9%85%D9%88%D9%84%D8%A9-%D8%AD%D8%B5%D8%A9-%D8%A3%D8%B1%D8%A8%D8%A7%D8%AD-at-ibtikaar-labs-4447303566,شريك مبيعات وتسويق: النجف وكربلاء (عمولة/حصة أرباح),Ibtikaar Labs,posted,2026-08-05T11:12:07.680080,805
c32ce3240bfea601,https://iq.linkedin.com/jobs/view/teamleiter-mechanische-instandhaltung-m-w-d-at-holcim-latinoam%C3%A9rica-4448972794,Teamleiter mechanische Instandhaltung (m/w/d),Holcim Latinoamérica,posted,2026-08-05T11:12:18.110719,807
b8a619a03f822325,https://iq.linkedin.com/jobs/view/i-c-technician-at-fieldcore-4446219625,I&C Technician,FieldCore,posted,2026-08-05T11:12:26.676379,809
2d45bedc8bbb7af9,https://iq.linkedin.com/jobs/view/senior-accountant-at-injaz-erp-4446630422,Senior Accountant,,scraped,2026-08-05T11:12:29.313098,
0e992e4d78b7af44,https://iq.linkedin.com/jobs/view/senior-graphic-designer-at-pingraphic-4446636372,Senior Graphic Designer,,scraped,2026-08-05T11:12:35.996587,
7964a58a5c0d2ccd,https://iq.linkedin.com/jobs/view/project-officer-rehabilitation-reconciliation-and-reintegration-rrr-operations-p-at-vacancies-at-iom-indonesia-4449479452,"Project Officer (Rehabilitation, Reconciliation, and Reintegration (RRR) Operations) (P)",Vacancies at IOM Indonesia,posted,2026-08-05T11:12:54.155877,811
9434585e9fa9e7dc,https://iq.linkedin.com/jobs/view/instrument-telecom-superintendent-at-progetti-europa-global-s-p-a-4444589186,Instrument & Telecom Superintendent,Progetti Europa &amp; Global S.p.A,posted,2026-08-05T11:13:03.741508,813
afb3a0b724ccb432,https://iq.linkedin.com/jobs/view/managing-director-italian-ops-at-susies-shoe-store-4448961364,MANAGING DIRECTOR (ITALIAN OPS),SUSIES SHOE STORE,posted,2026-08-05T11:13:33.074140,815
a97bbc49eb155753,https://iq.linkedin.com/jobs/view/internal-audit-specialist-at-sardar-group-4447012588,Internal Audit Specialist,Sardar Group,posted,2026-08-05T11:14:16.172989,817
53db61eef2ca956d,https://iq.linkedin.com/jobs/view/medical-laboratory-technologist%E2%80%94hospital-laboratory-and-blood-bank-iraq-at-cherokee-federal-4448550999,Medical Laboratory Technologist—Hospital Laboratory and Blood Bank - Iraq,Cherokee Federal,posted,2026-08-05T11:14:31.825671,819
e04054c80f93cd05,https://iq.linkedin.com/jobs/view/dentist%E2%80%94emergency-general-dentistry-iraq-at-cherokee-federal-4448559134,Dentist—Emergency General Dentistry - Iraq,Cherokee Federal,posted,2026-08-05T11:14:43.379222,821
c850a0ec7dcfe7a0,https://iq.linkedin.com/jobs/view/english-and-social-studies-teacher-at-cadmus%C2%AE-international-school-%E2%80%93-al-nakheel-4447338760,English and Social Studies Teacher,CADMUS® International School – Al Nakheel,posted,2026-08-05T11:14:54.373909,823
b08de7366f7da9e2,https://iq.linkedin.com/jobs/view/physician-assistant-nurse-practitioner%E2%80%94primary-and-emergency-care-iraq-at-cherokee-federal-4448548955,Physician Assistant / Nurse Practitioner—Primary and Emergency Care - Iraq,Cherokee Federal,posted,2026-08-05T11:15:11.541157,825
c1910baf945df87c,https://iq.linkedin.com/jobs/view/sales-distribution-manager-at-elite-talent-4448850534,Sales & Distribution Manager,,scraped,2026-08-05T11:15:13.906942,
aef36531326c5ff1,https://iq.linkedin.com/jobs/view/national-consultant-%E2%80%93-biodiversity-and-ecosystem-based-adaptation-eba-specialist-at-iom-un-migration-4447875465,National Consultant – Biodiversity and Ecosystem-Based Adaptation (EbA) Specialist,IOM - UN Migration,posted,2026-08-05T11:15:33.511265,827
5fba7b97ae7cda0e,https://iq.linkedin.com/jobs/view/open-rank-full-time-or-adjunct-faculty-%E2%80%93-pharmaceutical-sciences-and-clinical-pharmacy-and-practice-at-american-university-of-iraq-baghdad-4448280361,Open Rank Full-time or Adjunct Faculty – Pharmaceutical Sciences and Clinical Pharmacy and Practice,الجامعة الأمريكية في بغداد AUIB,posted,2026-08-05T11:15:44.772317,829
aec4f504a61b4b98,https://iq.linkedin.com/jobs/view/real-estate-broker-4446239005,Real Estate Broker,Zeren,posted,2026-08-05T11:15:52.651492,831
